Lap,Position,Last Lap Position,Diff,Driver,Team,Tyre,Lap Time,Gap Ahead,Gap to Leader,Status
1,1,1,0,Niamh Murphy,Racing Life,Soft,1:48.897,-,-,Running
1,2,2,0,Franc Abel,Shell Motorsports,Soft,1:49.699,+0.199,+0.199,Running
1,3,3,0,Damien Quibuyen,Mercedes AMG Motorsport,Medium,1:50.147,+0.050,+0.249,Running
1,4,4,0,Berend Boer,Shell Motorsports,Medium,1:50.116,+0.002,+0.251,Running
1,5,5,0,Eli Huertez,Pulang Kabayo Racing,Soft,1:48.219,+0.320,+0.572,Running
1,6,6,0,Ye Li,Racing Life,Soft,1:50.090,+0.371,+0.942,Running
1,7,7,0,Jamar Henry,Trike Motorsports,Soft,1:50.021,+0.571,+1.514,Running
1,8,8,0,Mark Graham,Trike Motorsports,Medium,1:49.961,+0.050,+1.564,Running
1,9,9,0,Sydney Aspen,Villiuride Racing,Medium,1:50.608,+1.647,+3.211,Running
1,10,10,0,Kanno Sora,LFL Engineering,Medium,1:51.341,+0.232,+3.443,Running
1,11,11,0,Aleksa Kozlov,LFL Engineering,Medium,1:50.291,+0.200,+3.643,Running
1,12,12,0,Ananda Chohan,Mercedes AMG Motorsport,Hard,1:52.353,+0.063,+3.706,Running
1,13,13,0,Al Fabet,Villiuride Racing,Soft,1:50.943,+0.090,+3.796,Running
1,14,14,0,Clara Longo,Icarus,Hard,1:50.377,+0.934,+4.730,Running
1,15,15,0,Liesje Roser,Dacia Racing Team,Soft,1:51.985,+0.358,+5.088,Running
1,16,16,0,Fidan Basak,Pulang Kabayo Racing,Medium,1:51.530,+0.045,+5.133,Running
1,17,17,0,Marek Madeira,Dacia Racing Team,Soft,1:51.072,+0.041,+5.174,Running
1,18,18,0,Aida Haque,Icarus,Medium,1:51.685,+0.363,+5.537,Running
2,1,5,4,Eli Huertez,Pulang Kabayo Racing,Soft,1:49.249,-,-,Running
2,2,2,0,Franc Abel,Shell Motorsports,Soft,1:49.718,+0.096,+0.096,Running
2,3,1,-2,Niamh Murphy,Racing Life,Soft,1:50.263,+0.346,+0.442,Running
2,4,6,2,Ye Li,Racing Life,Soft,1:50.026,+0.705,+1.147,Running
2,5,8,3,Mark Graham,Trike Motorsports,Medium,1:50.016,+0.031,+1.178,Running
2,6,4,-2,Berend Boer,Shell Motorsports,Medium,1:50.798,+0.050,+1.228,Running
2,7,3,-4,Damien Quibuyen,Mercedes AMG Motorsport,Medium,1:51.411,+0.611,+1.839,Running
2,8,9,1,Sydney Aspen,Villiuride Racing,Medium,1:50.381,+1.065,+2.904,Running
2,9,7,-2,Jamar Henry,Trike Motorsports,Soft,1:51.262,+0.050,+2.954,Running
2,10,13,3,Al Fabet,Villiuride Racing,Soft,1:51.452,+2.033,+4.988,Running
2,11,10,-1,Kanno Sora,LFL Engineering,Medium,1:51.416,+0.050,+5.038,Running
2,12,12,0,Ananda Chohan,Mercedes AMG Motorsport,Hard,1:51.595,+0.355,+5.393,Running
2,13,15,2,Liesje Roser,Dacia Racing Team,Soft,1:50.176,+0.050,+5.443,Running
2,14,16,2,Fidan Basak,Pulang Kabayo Racing,Medium,1:50.319,+0.188,+5.631,Running
2,15,17,2,Marek Madeira,Dacia Racing Team,Soft,1:50.818,+0.541,+6.172,Running
2,16,18,2,Aida Haque,Icarus,Medium,1:50.766,+0.218,+6.390,Running
2,17,14,-3,Clara Longo,Icarus,Hard,1:51.531,+0.050,+6.440,Running
2,18,11,-7,Aleksa Kozlov,LFL Engineering,Medium,1:50.291,+0.200,+3.643,Crashed on lap 2
3,1,2,1,Franc Abel,Shell Motorsports,Soft,1:49.182,-,-,Running
3,2,1,-1,Eli Huertez,Pulang Kabayo Racing,Soft,1:50.714,+1.435,+1.435,Running
3,3,3,0,Niamh Murphy,Racing Life,Soft,1:50.814,+0.425,+1.860,Running
3,4,4,0,Ye Li,Racing Life,Soft,1:50.041,+0.050,+1.910,Running
3,5,6,1,Berend Boer,Shell Motorsports,Medium,1:50.097,+0.018,+1.928,Running
3,6,9,3,Jamar Henry,Trike Motorsports,Soft,1:49.166,+0.914,+2.842,Running
3,7,5,-2,Mark Graham,Trike Motorsports,Medium,1:51.627,+0.685,+3.527,Running
3,8,7,-1,Damien Quibuyen,Mercedes AMG Motorsport,Medium,1:51.395,+0.429,+3.956,Running
3,9,10,1,Al Fabet,Villiuride Racing,Soft,1:50.104,+1.198,+5.154,Running
3,10,8,-2,Sydney Aspen,Villiuride Racing,Medium,1:51.578,+0.050,+5.204,Running
3,11,13,2,Liesje Roser,Dacia Racing Team,Soft,1:50.486,+0.559,+5.763,Running
3,12,16,4,Aida Haque,Icarus,Medium,1:49.700,+1.048,+6.811,Running
3,13,11,-2,Kanno Sora,LFL Engineering,Medium,1:51.260,+0.077,+6.888,Running
3,14,12,-2,Ananda Chohan,Mercedes AMG Motorsport,Hard,1:50.823,+0.050,+6.938,Running
3,15,15,0,Marek Madeira,Dacia Racing Team,Soft,1:50.703,+0.658,+7.596,Running
3,16,14,-2,Fidan Basak,Pulang Kabayo Racing,Medium,1:51.582,+0.338,+7.935,Running
3,17,17,0,Clara Longo,Icarus,Hard,1:51.127,+0.354,+8.288,Running
3,18,18,0,Aleksa Kozlov,LFL Engineering,Medium,1:50.291,+0.200,+3.643,Crashed on lap 2
4,1,1,0,Franc Abel,Shell Motorsports,Soft,1:50.263,-,-,Running
4,2,4,2,Ye Li,Racing Life,Soft,1:48.851,+0.498,+0.498,Running
4,3,2,-1,Eli Huertez,Pulang Kabayo Racing,Soft,1:49.631,+0.306,+0.803,Running
4,4,5,1,Berend Boer,Shell Motorsports,Medium,1:50.347,+1.208,+2.012,Running
4,5,6,1,Jamar Henry,Trike Motorsports,Soft,1:49.443,+0.011,+2.022,Running
4,6,3,-3,Niamh Murphy,Racing Life,Soft,1:51.427,+1.002,+3.024,Running
4,7,7,0,Mark Graham,Trike Motorsports,Medium,1:50.532,+0.772,+3.796,Running
4,8,8,0,Damien Quibuyen,Mercedes AMG Motorsport,Medium,1:50.769,+0.666,+4.462,Running
4,9,10,1,Sydney Aspen,Villiuride Racing,Medium,1:50.293,+0.684,+5.146,Running
4,10,12,2,Aida Haque,Icarus,Medium,1:49.683,+0.038,+5.184,Running
4,11,9,-2,Al Fabet,Villiuride Racing,Soft,1:50.305,+0.012,+5.196,Running
4,12,11,-1,Liesje Roser,Dacia Racing Team,Soft,1:51.077,+1.381,+6.577,Running
4,13,14,1,Ananda Chohan,Mercedes AMG Motorsport,Hard,1:51.017,+1.114,+7.692,Running
4,14,13,-1,Kanno Sora,LFL Engineering,Medium,1:51.650,+0.264,+7.955,Running
4,15,16,1,Fidan Basak,Pulang Kabayo Racing,Medium,1:50.334,+0.050,+8.005,Running
4,16,15,-1,Marek Madeira,Dacia Racing Team,Soft,1:51.793,+1.121,+9.126,Running
4,17,17,0,Clara Longo,Icarus,Hard,1:52.546,+1.445,+10.572,Running
4,18,18,0,Aleksa Kozlov,LFL Engineering,Medium,1:50.291,+0.200,+3.643,Crashed on lap 2
5,1,1,0,Franc Abel,Shell Motorsports,Soft,1:49.442,-,-,Running
5,2,2,0,Ye Li,Racing Life,Soft,1:50.889,+1.945,+1.945,Running
5,3,3,0,Eli Huertez,Pulang Kabayo Racing,Soft,1:50.950,+0.367,+2.311,Running
5,4,4,0,Berend Boer,Shell Motorsports,Medium,1:51.808,+0.996,+3.307,Running
5,5,5,0,Jamar Henry,Trike Motorsports,Soft,1:50.777,+0.050,+3.357,Running
5,6,6,0,Niamh Murphy,Racing Life,Soft,1:51.266,+0.970,+4.327,Running
5,7,8,1,Damien Quibuyen,Mercedes AMG Motorsport,Medium,1:50.143,+0.471,+4.798,Running
5,8,7,-1,Mark Graham,Trike Motorsports,Medium,1:51.828,+1.183,+5.981,Running
5,9,9,0,Sydney Aspen,Villiuride Racing,Medium,1:50.327,+0.050,+6.031,Running
5,10,12,2,Liesje Roser,Dacia Racing Team,Soft,1:49.845,+0.101,+6.132,Running
5,11,11,0,Al Fabet,Villiuride Racing,Soft,1:51.306,+0.928,+7.060,Running
5,12,15,3,Fidan Basak,Pulang Kabayo Racing,Medium,1:49.393,+0.549,+7.608,Running
5,13,10,-3,Aida Haque,Icarus,Medium,1:51.917,+0.050,+7.658,Running
5,14,16,2,Marek Madeira,Dacia Racing Team,Soft,1:49.551,+1.576,+9.235,Running
5,15,14,-1,Kanno Sora,LFL Engineering,Medium,1:50.848,+0.126,+9.361,Running
5,16,13,-3,Ananda Chohan,Mercedes AMG Motorsport,Hard,1:52.176,+1.064,+10.425,Running
5,17,17,0,Clara Longo,Icarus,Hard,1:52.478,+3.182,+13.607,Running
5,18,18,0,Aleksa Kozlov,LFL Engineering,Medium,1:50.291,+0.200,+3.643,Crashed on lap 2
6,1,1,0,Franc Abel,Shell Motorsports,Soft,1:51.694,-,-,Running
6,2,3,1,Eli Huertez,Pulang Kabayo Racing,Soft,1:48.574,+0.050,+0.050,Running
6,3,2,-1,Ye Li,Racing Life,Soft,1:49.951,+1.010,+1.060,Running
6,4,5,1,Jamar Henry,Trike Motorsports,Soft,1:49.796,+1.258,+2.318,Running
6,5,6,1,Niamh Murphy,Racing Life,Soft,1:49.634,+0.808,+3.126,Running
6,6,7,1,Damien Quibuyen,Mercedes AMG Motorsport,Medium,1:51.043,+0.771,+3.897,Running
6,7,4,-3,Berend Boer,Shell Motorsports,Medium,1:51.475,+0.050,+3.947,Running
6,8,8,0,Mark Graham,Trike Motorsports,Medium,1:50.519,+1.717,+5.664,Running
6,9,10,1,Liesje Roser,Dacia Racing Team,Soft,1:51.183,+0.816,+6.479,Running
6,10,9,-1,Sydney Aspen,Villiuride Racing,Medium,1:51.551,+0.267,+6.746,Running
6,11,13,2,Aida Haque,Icarus,Medium,1:49.996,+0.073,+6.819,Running
6,12,12,0,Fidan Basak,Pulang Kabayo Racing,Medium,1:50.735,+0.689,+7.508,Running
6,13,11,-2,Al Fabet,Villiuride Racing,Soft,1:51.333,+0.050,+7.557,Running
6,14,14,0,Marek Madeira,Dacia Racing Team,Soft,1:49.388,+0.230,+7.787,Running
6,15,16,1,Ananda Chohan,Mercedes AMG Motorsport,Hard,1:51.386,+2.042,+9.829,Running
6,16,15,-1,Kanno Sora,LFL Engineering,Medium,1:51.354,+0.050,+9.879,Running
6,17,17,0,Clara Longo,Icarus,Hard,1:52.061,+4.953,+14.832,Running
6,18,18,0,Aleksa Kozlov,LFL Engineering,Medium,1:50.291,+0.200,+3.643,Crashed on lap 2
7,1,1,0,Franc Abel,Shell Motorsports,Soft,1:50.369,-,-,Running
7,2,3,1,Ye Li,Racing Life,Soft,1:49.555,+0.005,+0.005,Running
7,3,2,-1,Eli Huertez,Pulang Kabayo Racing,Soft,1:50.375,+0.050,+0.055,Running
7,4,4,0,Jamar Henry,Trike Motorsports,Soft,1:50.057,+1.951,+2.006,Running
7,5,5,0,Niamh Murphy,Racing Life,Soft,1:50.596,+1.347,+3.353,Running
7,6,6,0,Damien Quibuyen,Mercedes AMG Motorsport,Medium,1:49.859,+0.034,+3.387,Running
7,7,9,2,Liesje Roser,Dacia Racing Team,Soft,1:50.244,+2.139,+5.526,Running
7,8,7,-1,Berend Boer,Shell Motorsports,Medium,1:51.998,+0.050,+5.576,Running
7,9,8,-1,Mark Graham,Trike Motorsports,Medium,1:52.137,+1.856,+7.432,Running
7,10,14,4,Marek Madeira,Dacia Racing Team,Soft,1:50.158,+0.143,+7.575,Running
7,11,10,-1,Sydney Aspen,Villiuride Racing,Medium,1:51.357,+0.158,+7.734,Running
7,12,11,-1,Aida Haque,Icarus,Medium,1:52.020,+0.608,+8.342,Running
7,13,13,0,Al Fabet,Villiuride Racing,Soft,1:51.204,+0.050,+8.392,Running
7,14,16,2,Kanno Sora,LFL Engineering,Medium,1:49.250,+0.368,+8.760,Running
7,15,12,-3,Fidan Basak,Pulang Kabayo Racing,Medium,1:51.868,+0.246,+9.006,Running
7,16,15,-1,Ananda Chohan,Mercedes AMG Motorsport,Hard,1:50.631,+1.085,+10.091,Running
7,17,17,0,Clara Longo,Icarus,Hard,1:52.864,+7.237,+17.327,Running
7,18,18,0,Aleksa Kozlov,LFL Engineering,Medium,1:50.291,+0.200,+3.643,Crashed on lap 2
8,1,3,2,Eli Huertez,Pulang Kabayo Racing,Soft,1:49.966,-,-,Running
8,2,1,-1,Franc Abel,Shell Motorsports,Soft,1:50.652,+0.402,+0.402,Running
8,3,2,-1,Ye Li,Racing Life,Soft,1:50.468,+0.050,+0.452,Running
8,4,4,0,Jamar Henry,Trike Motorsports,Soft,1:49.051,+0.128,+0.580,Running
8,5,6,1,Damien Quibuyen,Mercedes AMG Motorsport,Medium,1:50.607,+3.392,+3.973,Running
8,6,5,-1,Niamh Murphy,Racing Life,Soft,1:50.678,+0.037,+4.009,Running
8,7,8,1,Berend Boer,Shell Motorsports,Medium,1:50.252,+1.797,+5.807,Running
8,8,7,-1,Liesje Roser,Dacia Racing Team,Soft,1:51.248,+0.366,+6.172,Running
8,9,9,0,Mark Graham,Trike Motorsports,Medium,1:48.812,+0.050,+6.222,Running
8,10,13,3,Al Fabet,Villiuride Racing,Soft,1:49.432,+1.580,+7.802,Running
8,11,11,0,Sydney Aspen,Villiuride Racing,Medium,1:50.963,+0.873,+8.675,Running
8,12,14,2,Kanno Sora,LFL Engineering,Medium,1:50.023,+0.086,+8.761,Running
8,13,10,-3,Marek Madeira,Dacia Racing Team,Soft,1:51.713,+0.106,+8.867,Running
8,14,15,1,Fidan Basak,Pulang Kabayo Racing,Medium,1:49.933,+0.050,+8.917,Running
8,15,12,-3,Aida Haque,Icarus,Medium,1:52.253,+1.656,+10.573,Running
8,16,16,0,Ananda Chohan,Mercedes AMG Motorsport,Hard,1:51.787,+1.282,+11.856,Running
8,17,17,0,Clara Longo,Icarus,Hard,1:52.734,+8.184,+20.040,Running
8,18,18,0,Aleksa Kozlov,LFL Engineering,Medium,1:50.291,+0.200,+3.643,Crashed on lap 2
9,1,1,0,Eli Huertez,Pulang Kabayo Racing,Soft,1:49.844,-,-,Running
9,2,2,0,Franc Abel,Shell Motorsports,Soft,1:49.082,+0.050,+0.050,Running
9,3,3,0,Ye Li,Racing Life,Soft,1:49.582,+0.550,+0.600,Running
9,4,4,0,Jamar Henry,Trike Motorsports,Soft,1:51.168,+1.714,+2.313,Running
9,5,5,0,Damien Quibuyen,Mercedes AMG Motorsport,Medium,1:50.526,+2.751,+5.064,Running
9,6,6,0,Niamh Murphy,Racing Life,Soft,1:50.711,+0.222,+5.286,Running
9,7,7,0,Berend Boer,Shell Motorsports,Medium,1:50.075,+1.162,+6.448,Running
9,8,9,1,Mark Graham,Trike Motorsports,Medium,1:50.427,+0.768,+7.215,Running
9,9,8,-1,Liesje Roser,Dacia Racing Team,Soft,1:50.786,+0.308,+7.524,Running
9,10,11,1,Sydney Aspen,Villiuride Racing,Medium,1:50.532,+1.067,+8.591,Running
9,11,10,-1,Al Fabet,Villiuride Racing,Soft,1:50.273,+0.050,+8.641,Running
9,12,14,2,Fidan Basak,Pulang Kabayo Racing,Medium,1:50.657,+1.499,+10.141,Running
9,13,12,-1,Kanno Sora,LFL Engineering,Medium,1:51.483,+0.670,+10.810,Running
9,14,13,-1,Marek Madeira,Dacia Racing Team,Soft,1:51.973,+0.596,+11.407,Running
9,15,16,1,Ananda Chohan,Mercedes AMG Motorsport,Hard,1:50.275,+0.545,+11.952,Running
9,16,15,-1,Aida Haque,Icarus,Medium,1:50.863,+0.050,+12.002,Running
9,17,17,0,Clara Longo,Icarus,Hard,1:52.479,+11.083,+23.085,Running
9,18,18,0,Aleksa Kozlov,LFL Engineering,Medium,1:50.291,+0.200,+3.643,Crashed on lap 2
10,1,2,1,Franc Abel,Shell Motorsports,Soft,1:50.379,-,-,Running
10,2,1,-1,Eli Huertez,Pulang Kabayo Racing,Soft,1:50.510,+0.081,+0.081,Running
10,3,3,0,Ye Li,Racing Life,Soft,1:51.370,+1.460,+1.540,Running
10,4,4,0,Jamar Henry,Trike Motorsports,Soft,1:50.605,+0.949,+2.489,Running
10,5,5,0,Damien Quibuyen,Mercedes AMG Motorsport,Medium,1:51.350,+3.496,+5.985,Running
10,6,7,1,Berend Boer,Shell Motorsports,Medium,1:50.957,+0.063,+6.048,Running
10,7,6,-1,Niamh Murphy,Racing Life,Soft,1:51.242,+0.050,+6.098,Running
10,8,9,1,Liesje Roser,Dacia Racing Team,Soft,1:50.412,+1.408,+7.507,Running
10,9,8,-1,Mark Graham,Trike Motorsports,Medium,1:51.749,+1.028,+8.535,Running
10,10,11,1,Al Fabet,Villiuride Racing,Soft,1:51.010,+0.054,+8.589,Running
10,11,10,-1,Sydney Aspen,Villiuride Racing,Medium,1:50.477,+0.050,+8.639,Running
10,12,12,0,Fidan Basak,Pulang Kabayo Racing,Medium,1:49.890,+0.962,+9.601,Running
10,13,13,0,Kanno Sora,LFL Engineering,Medium,1:50.394,+1.173,+10.775,Running
10,14,14,0,Marek Madeira,Dacia Racing Team,Soft,1:51.020,+1.223,+11.997,Running
10,15,16,1,Aida Haque,Icarus,Medium,1:50.680,+0.255,+12.253,Running
10,16,15,-1,Ananda Chohan,Mercedes AMG Motorsport,Hard,1:52.018,+1.288,+13.541,Running
10,17,17,0,Clara Longo,Icarus,Hard,1:51.641,+10.755,+24.296,Running
10,18,18,0,Aleksa Kozlov,LFL Engineering,Medium,1:50.291,+0.200,+3.643,Crashed on lap 2
11,1,2,1,Eli Huertez,Pulang Kabayo Racing,Soft,1:50.336,-,-,Running
11,2,3,1,Ye Li,Racing Life,Soft,1:49.227,+0.350,+0.350,Running
11,3,1,-2,Franc Abel,Shell Motorsports,Soft,1:51.190,+0.423,+0.773,Running
11,4,4,0,Jamar Henry,Trike Motorsports,Soft,1:49.593,+0.892,+1.665,Running
11,5,5,0,Damien Quibuyen,Mercedes AMG Motorsport,Medium,1:51.035,+4.212,+5.877,Running
11,6,7,1,Niamh Murphy,Racing Life,Soft,1:50.245,+0.050,+5.927,Running
11,7,6,-1,Berend Boer,Shell Motorsports,Medium,1:51.429,+0.626,+6.553,Running
11,8,8,0,Liesje Roser,Dacia Racing Team,Soft,1:50.037,+0.574,+7.127,Running
11,9,11,2,Sydney Aspen,Villiuride Racing,Medium,1:49.533,+0.628,+7.756,Running
11,10,10,0,Al Fabet,Villiuride Racing,Soft,1:50.435,+0.852,+8.608,Running
11,11,9,-2,Mark Graham,Trike Motorsports,Medium,1:51.150,+0.660,+9.268,Running
11,12,13,1,Kanno Sora,LFL Engineering,Medium,1:50.292,+1.382,+10.650,Running
11,13,12,-1,Fidan Basak,Pulang Kabayo Racing,Medium,1:51.875,+0.410,+11.060,Running
11,14,14,0,Marek Madeira,Dacia Racing Team,Soft,1:50.558,+1.079,+12.139,Running
11,15,15,0,Aida Haque,Icarus,Medium,1:52.069,+1.767,+13.905,Running
11,16,16,0,Ananda Chohan,Mercedes AMG Motorsport,Hard,1:51.213,+0.432,+14.337,Running
11,17,17,0,Clara Longo,Icarus,Hard,1:52.436,+11.979,+26.316,Running
11,18,18,0,Aleksa Kozlov,LFL Engineering,Medium,1:50.291,+0.200,+3.643,Crashed on lap 2
12,1,1,0,Eli Huertez,Pulang Kabayo Racing,Soft,1:49.159,-,-,Running
12,2,2,0,Ye Li,Racing Life,Soft,1:50.008,+1.199,+1.199,Running
12,3,3,0,Franc Abel,Shell Motorsports,Soft,1:51.039,+1.035,+2.234,Running
12,4,4,0,Jamar Henry,Trike Motorsports,Soft,1:49.778,+0.050,+2.284,Running
12,5,6,1,Niamh Murphy,Racing Life,Soft,1:49.906,+4.390,+6.674,Running
12,6,5,-1,Damien Quibuyen,Mercedes AMG Motorsport,Medium,1:50.275,+0.319,+6.993,Running
12,7,7,0,Berend Boer,Shell Motorsports,Medium,1:51.535,+1.201,+8.194,Running
12,8,8,0,Liesje Roser,Dacia Racing Team,Soft,1:50.276,+0.050,+8.244,Running
12,9,9,0,Sydney Aspen,Villiuride Racing,Medium,1:50.346,+0.699,+8.943,Running
12,10,11,1,Mark Graham,Trike Motorsports,Medium,1:50.461,+1.411,+10.354,Running
12,11,10,-1,Al Fabet,Villiuride Racing,Soft,1:50.955,+0.050,+10.404,Running
12,12,12,0,Kanno Sora,LFL Engineering,Medium,1:50.006,+0.116,+10.519,Running
12,13,13,0,Fidan Basak,Pulang Kabayo Racing,Medium,1:51.316,+2.697,+13.217,Running
12,14,14,0,Marek Madeira,Dacia Racing Team,Soft,1:50.762,+0.524,+13.741,Running
12,15,15,0,Aida Haque,Icarus,Medium,1:51.011,+2.017,+15.758,Running
12,16,16,0,Ananda Chohan,Mercedes AMG Motorsport,Hard,1:52.014,+1.435,+17.192,Running
12,17,17,0,Clara Longo,Icarus,Hard,1:51.851,+11.816,+29.008,Running
12,18,18,0,Aleksa Kozlov,LFL Engineering,Medium,1:50.291,+0.200,+3.643,Crashed on lap 2
13,1,1,0,Eli Huertez,Pulang Kabayo Racing,Soft,1:49.942,-,-,Running
13,2,4,2,Jamar Henry,Trike Motorsports,Soft,1:49.856,+2.198,+2.198,Running
13,3,3,0,Franc Abel,Shell Motorsports,Soft,1:51.148,+0.180,+2.378,Running
13,4,2,-2,Ye Li,Racing Life,Soft,1:51.171,+0.050,+2.428,Running
13,5,6,1,Damien Quibuyen,Mercedes AMG Motorsport,Medium,1:49.892,+4.515,+6.943,Running
13,6,5,-1,Niamh Murphy,Racing Life,Soft,1:51.472,+1.262,+8.205,Running
13,7,8,1,Liesje Roser,Dacia Racing Team,Soft,1:50.784,+0.881,+9.086,Running
13,8,7,-1,Berend Boer,Shell Motorsports,Medium,1:51.040,+0.206,+9.292,Running
13,9,9,0,Sydney Aspen,Villiuride Racing,Medium,1:51.687,+1.150,+10.442,Running
13,10,10,0,Mark Graham,Trike Motorsports,Medium,1:50.080,+0.050,+10.492,Running
13,11,11,0,Al Fabet,Villiuride Racing,Soft,1:50.655,+0.625,+11.117,Running
13,12,12,0,Kanno Sora,LFL Engineering,Medium,1:51.308,+0.768,+11.886,Running
13,13,14,1,Marek Madeira,Dacia Racing Team,Soft,1:49.952,+1.865,+13.751,Running
13,14,13,-1,Fidan Basak,Pulang Kabayo Racing,Medium,1:51.313,+0.837,+14.588,Running
13,15,15,0,Aida Haque,Icarus,Medium,1:50.654,+1.881,+16.469,Running
13,16,16,0,Ananda Chohan,Mercedes AMG Motorsport,Hard,1:51.815,+2.596,+19.065,Running
13,17,17,0,Clara Longo,Icarus,Hard,1:50.610,+10.611,+29.677,Running
13,18,18,0,Aleksa Kozlov,LFL Engineering,Medium,1:50.291,+0.200,+3.643,Crashed on lap 2
14,1,1,0,Eli Huertez,Pulang Kabayo Racing,Soft,1:50.988,-,-,Running
14,2,2,0,Jamar Henry,Trike Motorsports,Soft,1:49.159,+0.370,+0.370,Running
14,3,3,0,Franc Abel,Shell Motorsports,Soft,1:49.726,+0.747,+1.116,Running
14,4,4,0,Ye Li,Racing Life,Soft,1:50.273,+0.597,+1.714,Running
14,5,5,0,Damien Quibuyen,Mercedes AMG Motorsport,Medium,1:50.885,+5.126,+6.840,Running
14,6,8,2,Berend Boer,Shell Motorsports,Medium,1:49.807,+1.209,+8.049,Running
14,7,6,-1,Niamh Murphy,Racing Life,Soft,1:50.882,+0.050,+8.099,Running
14,8,7,-1,Liesje Roser,Dacia Racing Team,Soft,1:51.087,+1.087,+9.185,Running
14,9,10,1,Mark Graham,Trike Motorsports,Medium,1:50.750,+1.069,+10.254,Running
14,10,9,-1,Sydney Aspen,Villiuride Racing,Medium,1:51.355,+0.425,+10.679,Running
14,11,11,0,Al Fabet,Villiuride Racing,Soft,1:50.599,+0.050,+10.729,Running
14,12,12,0,Kanno Sora,LFL Engineering,Medium,1:51.352,+1.521,+12.250,Running
14,13,13,0,Marek Madeira,Dacia Racing Team,Soft,1:51.386,+1.900,+14.149,Running
14,14,14,0,Fidan Basak,Pulang Kabayo Racing,Medium,1:51.924,+1.375,+15.524,Running
14,15,15,0,Aida Haque,Icarus,Medium,1:52.183,+2.140,+17.664,Running
14,16,16,0,Ananda Chohan,Mercedes AMG Motorsport,Hard,1:51.212,+1.625,+19.289,Running
14,17,17,0,Clara Longo,Icarus,Hard,1:52.648,+12.047,+31.337,Running
14,18,18,0,Aleksa Kozlov,LFL Engineering,Medium,1:50.291,+0.200,+3.643,Crashed on lap 2
15,1,1,0,Eli Huertez,Pulang Kabayo Racing,Soft,1:49.907,-,-,Running
15,2,3,1,Franc Abel,Shell Motorsports,Soft,1:49.331,+0.540,+0.540,Running
15,3,4,1,Ye Li,Racing Life,Soft,1:49.613,+0.879,+1.420,Running
15,4,5,1,Damien Quibuyen,Mercedes AMG Motorsport,Medium,1:51.877,+7.390,+8.810,Running
15,5,6,1,Berend Boer,Shell Motorsports,Medium,1:50.831,+0.163,+8.973,Running
15,6,7,1,Niamh Murphy,Racing Life,Soft,1:51.089,+0.308,+9.280,Running
15,7,8,1,Liesje Roser,Dacia Racing Team,Soft,1:50.098,+0.096,+9.377,Running
15,8,9,1,Mark Graham,Trike Motorsports,Medium,1:51.937,+2.412,+11.789,Running
15,9,10,1,Sydney Aspen,Villiuride Racing,Medium,1:51.067,+0.050,+11.839,Running
15,10,14,4,Fidan Basak,Pulang Kabayo Racing,Medium,1:50.305,+4.083,+15.921,Running
15,11,15,4,Aida Haque,Icarus,Medium,1:51.920,+3.756,+19.677,Running
15,12,16,4,Ananda Chohan,Mercedes AMG Motorsport,Hard,1:50.910,+0.615,+20.292,Running
15,13,2,-11,Jamar Henry,Trike Motorsports,Medium,1:51.694,+3.864,+24.156,Running
15,14,17,3,Clara Longo,Icarus,Hard,1:52.537,+9.811,+33.966,Running
15,15,11,-4,Al Fabet,Villiuride Racing,Medium,1:51.910,+0.765,+34.732,Running
15,16,13,-3,Marek Madeira,Dacia Racing Team,Medium,1:52.313,+3.823,+38.555,Running
15,17,12,-5,Kanno Sora,LFL Engineering,Medium,1:51.352,+1.521,+12.250,Mechanical failure on lap 15
15,18,18,0,Aleksa Kozlov,LFL Engineering,Medium,1:50.291,+0.200,+3.643,Crashed on lap 2
16,1,3,2,Ye Li,Racing Life,Soft,1:51.340,-,-,Running
16,2,2,0,Franc Abel,Shell Motorsports,Soft,1:51.272,+0.050,+0.050,Running
16,3,4,1,Damien Quibuyen,Mercedes AMG Motorsport,Medium,1:51.546,+8.446,+8.496,Running
16,4,5,1,Berend Boer,Shell Motorsports,Medium,1:52.122,+0.047,+8.543,Running
16,5,6,1,Niamh Murphy,Racing Life,Soft,1:51.028,+0.003,+8.546,Running
16,6,9,3,Sydney Aspen,Villiuride Racing,Medium,1:50.093,+0.736,+9.282,Running
16,7,8,1,Mark Graham,Trike Motorsports,Medium,1:50.329,+1.074,+10.355,Running
16,8,10,2,Fidan Basak,Pulang Kabayo Racing,Medium,1:50.829,+4.632,+14.988,Running
16,9,11,2,Aida Haque,Icarus,Medium,1:49.712,+2.640,+17.627,Running
16,10,1,-9,Eli Huertez,Pulang Kabayo Racing,Medium,1:49.597,+2.208,+19.835,Running
16,11,12,1,Ananda Chohan,Mercedes AMG Motorsport,Hard,1:51.856,+0.550,+20.385,Running
16,12,13,1,Jamar Henry,Trike Motorsports,Medium,1:51.121,+3.129,+23.514,Running
16,13,7,-6,Liesje Roser,Dacia Racing Team,Medium,1:51.473,+7.573,+31.088,Running
16,14,14,0,Clara Longo,Icarus,Hard,1:50.475,+1.592,+32.679,Running
16,15,15,0,Al Fabet,Villiuride Racing,Medium,1:50.604,+0.894,+33.573,Running
16,16,16,0,Marek Madeira,Dacia Racing Team,Medium,1:51.346,+4.565,+38.138,Running
16,17,17,0,Kanno Sora,LFL Engineering,Medium,1:51.352,+1.521,+12.250,Mechanical failure on lap 15
16,18,18,0,Aleksa Kozlov,LFL Engineering,Medium,1:50.291,+0.200,+3.643,Crashed on lap 2
17,1,1,0,Ye Li,Racing Life,Soft,1:51.896,-,-,Running
17,2,5,3,Niamh Murphy,Racing Life,Soft,1:50.117,+6.286,+6.286,Running
17,3,4,1,Berend Boer,Shell Motorsports,Medium,1:49.689,+0.050,+6.336,Running
17,4,3,-1,Damien Quibuyen,Mercedes AMG Motorsport,Medium,1:51.300,+1.564,+7.900,Running
17,5,7,2,Mark Graham,Trike Motorsports,Medium,1:51.222,+1.217,+9.117,Running
17,6,6,0,Sydney Aspen,Villiuride Racing,Medium,1:51.781,+0.050,+9.167,Running
17,7,8,1,Fidan Basak,Pulang Kabayo Racing,Medium,1:50.694,+4.619,+13.786,Running
17,8,9,1,Aida Haque,Icarus,Medium,1:50.674,+2.619,+16.405,Running
17,9,10,1,Eli Huertez,Pulang Kabayo Racing,Medium,1:49.730,+1.264,+17.669,Running
17,10,11,1,Ananda Chohan,Mercedes AMG Motorsport,Hard,1:50.313,+1.134,+18.803,Running
17,11,2,-9,Franc Abel,Shell Motorsports,Hard,1:49.975,+1.326,+20.129,Running
17,12,12,0,Jamar Henry,Trike Motorsports,Medium,1:50.881,+2.370,+22.499,Running
17,13,15,2,Al Fabet,Villiuride Racing,Medium,1:49.510,+7.980,+30.479,Running
17,14,13,-1,Liesje Roser,Dacia Racing Team,Medium,1:51.337,+0.050,+30.529,Running
17,15,14,-1,Clara Longo,Icarus,Hard,1:51.424,+1.678,+32.207,Running
17,16,16,0,Marek Madeira,Dacia Racing Team,Medium,1:51.849,+5.884,+38.091,Running
17,17,17,0,Kanno Sora,LFL Engineering,Medium,1:51.352,+1.521,+12.250,Mechanical failure on lap 15
17,18,18,0,Aleksa Kozlov,LFL Engineering,Medium,1:50.291,+0.200,+3.643,Crashed on lap 2
18,1,1,0,Ye Li,Racing Life,Soft,1:50.763,-,-,Running
18,2,3,1,Berend Boer,Shell Motorsports,Medium,1:50.961,+6.535,+6.535,Running
18,3,2,-1,Niamh Murphy,Racing Life,Soft,1:51.553,+0.542,+7.076,Running
18,4,4,0,Damien Quibuyen,Mercedes AMG Motorsport,Medium,1:51.215,+1.276,+8.352,Running
18,5,5,0,Mark Graham,Trike Motorsports,Medium,1:51.063,+1.064,+9.416,Running
18,6,6,0,Sydney Aspen,Villiuride Racing,Medium,1:51.430,+0.418,+9.834,Running
18,7,7,0,Fidan Basak,Pulang Kabayo Racing,Medium,1:51.477,+4.666,+14.500,Running
18,8,8,0,Aida Haque,Icarus,Medium,1:50.816,+1.958,+16.459,Running
18,9,9,0,Eli Huertez,Pulang Kabayo Racing,Medium,1:51.577,+2.025,+18.483,Running
18,10,11,1,Franc Abel,Shell Motorsports,Hard,1:49.729,+0.611,+19.095,Running
18,11,10,-1,Ananda Chohan,Mercedes AMG Motorsport,Hard,1:51.955,+0.900,+19.995,Running
18,12,12,0,Jamar Henry,Trike Motorsports,Medium,1:50.185,+1.926,+21.921,Running
18,13,13,0,Al Fabet,Villiuride Racing,Medium,1:51.696,+9.491,+31.412,Running
18,14,15,1,Clara Longo,Icarus,Hard,1:50.324,+0.356,+31.768,Running
18,15,14,-1,Liesje Roser,Dacia Racing Team,Medium,1:52.291,+0.289,+32.057,Running
18,16,16,0,Marek Madeira,Dacia Racing Team,Medium,1:50.178,+5.450,+37.507,Running
18,17,17,0,Kanno Sora,LFL Engineering,Medium,1:51.352,+1.521,+12.250,Mechanical failure on lap 15
18,18,18,0,Aleksa Kozlov,LFL Engineering,Medium,1:50.291,+0.200,+3.643,Crashed on lap 2
19,1,1,0,Ye Li,Racing Life,Soft,1:51.936,-,-,Running
19,2,2,0,Berend Boer,Shell Motorsports,Medium,1:51.034,+5.633,+5.633,Running
19,3,4,1,Damien Quibuyen,Mercedes AMG Motorsport,Medium,1:49.723,+0.507,+6.139,Running
19,4,3,-1,Niamh Murphy,Racing Life,Soft,1:52.116,+1.116,+7.255,Running
19,5,5,0,Mark Graham,Trike Motorsports,Medium,1:51.916,+1.653,+8.909,Running
19,6,6,0,Sydney Aspen,Villiuride Racing,Medium,1:51.061,+0.050,+8.959,Running
19,7,7,0,Fidan Basak,Pulang Kabayo Racing,Medium,1:50.743,+4.348,+13.307,Running
19,8,8,0,Aida Haque,Icarus,Medium,1:51.723,+2.234,+15.541,Running
19,9,9,0,Eli Huertez,Pulang Kabayo Racing,Medium,1:49.044,+0.050,+15.591,Running
19,10,10,0,Franc Abel,Shell Motorsports,Hard,1:49.752,+0.604,+16.196,Running
19,11,11,0,Ananda Chohan,Mercedes AMG Motorsport,Hard,1:50.790,+2.653,+18.849,Running
19,12,12,0,Jamar Henry,Trike Motorsports,Medium,1:50.415,+1.550,+20.399,Running
19,13,13,0,Al Fabet,Villiuride Racing,Medium,1:50.848,+9.924,+30.323,Running
19,14,15,1,Liesje Roser,Dacia Racing Team,Medium,1:51.204,+1.001,+31.324,Running
19,15,14,-1,Clara Longo,Icarus,Hard,1:51.638,+0.146,+31.470,Running
19,16,16,0,Marek Madeira,Dacia Racing Team,Medium,1:49.505,+3.606,+35.075,Running
19,17,17,0,Kanno Sora,LFL Engineering,Medium,1:51.352,+1.521,+12.250,Mechanical failure on lap 15
19,18,18,0,Aleksa Kozlov,LFL Engineering,Medium,1:50.291,+0.200,+3.643,Crashed on lap 2
20,1,1,0,Ye Li,Racing Life,Soft,1:52.678,-,-,Running
20,2,2,0,Berend Boer,Shell Motorsports,Medium,1:51.363,+4.318,+4.318,Running
20,3,3,0,Damien Quibuyen,Mercedes AMG Motorsport,Medium,1:51.048,+0.191,+4.509,Running
20,4,6,2,Sydney Aspen,Villiuride Racing,Medium,1:51.085,+2.056,+6.566,Running
20,5,4,-1,Niamh Murphy,Racing Life,Soft,1:52.038,+0.050,+6.616,Running
20,6,5,-1,Mark Graham,Trike Motorsports,Medium,1:51.484,+0.700,+7.316,Running
20,7,7,0,Fidan Basak,Pulang Kabayo Racing,Medium,1:51.421,+4.735,+12.050,Running
20,8,8,0,Aida Haque,Icarus,Medium,1:50.475,+1.288,+13.338,Running
20,9,9,0,Eli Huertez,Pulang Kabayo Racing,Medium,1:51.778,+1.353,+14.692,Running
20,10,10,0,Franc Abel,Shell Motorsports,Hard,1:51.708,+0.534,+15.226,Running
20,11,11,0,Ananda Chohan,Mercedes AMG Motorsport,Hard,1:51.483,+2.428,+17.654,Running
20,12,12,0,Jamar Henry,Trike Motorsports,Medium,1:50.100,+0.167,+17.821,Running
20,13,13,0,Al Fabet,Villiuride Racing,Medium,1:49.600,+9.424,+27.246,Running
20,14,14,0,Liesje Roser,Dacia Racing Team,Medium,1:50.990,+2.390,+29.636,Running
20,15,15,0,Clara Longo,Icarus,Hard,1:52.357,+1.513,+31.149,Running
20,16,16,0,Marek Madeira,Dacia Racing Team,Medium,1:51.796,+3.045,+34.194,Running
20,17,17,0,Kanno Sora,LFL Engineering,Medium,1:51.352,+1.521,+12.250,Mechanical failure on lap 15
20,18,18,0,Aleksa Kozlov,LFL Engineering,Medium,1:50.291,+0.200,+3.643,Crashed on lap 2
21,1,1,0,Ye Li,Racing Life,Soft,1:50.537,-,-,Running
21,2,2,0,Berend Boer,Shell Motorsports,Medium,1:50.063,+3.845,+3.845,Running
21,3,3,0,Damien Quibuyen,Mercedes AMG Motorsport,Medium,1:51.569,+1.697,+5.542,Running
21,4,4,0,Sydney Aspen,Villiuride Racing,Medium,1:49.999,+0.487,+6.029,Running
21,5,5,0,Niamh Murphy,Racing Life,Soft,1:50.586,+0.636,+6.665,Running
21,6,6,0,Mark Graham,Trike Motorsports,Medium,1:50.132,+0.246,+6.911,Running
21,7,7,0,Fidan Basak,Pulang Kabayo Racing,Medium,1:52.194,+6.797,+13.708,Running
21,8,9,1,Eli Huertez,Pulang Kabayo Racing,Medium,1:50.322,+0.770,+14.478,Running
21,9,8,-1,Aida Haque,Icarus,Medium,1:51.737,+0.061,+14.539,Running
21,10,10,0,Franc Abel,Shell Motorsports,Hard,1:51.843,+1.994,+16.533,Running
21,11,12,1,Jamar Henry,Trike Motorsports,Medium,1:49.422,+0.175,+16.707,Running
21,12,11,-1,Ananda Chohan,Mercedes AMG Motorsport,Hard,1:52.615,+3.026,+19.733,Running
21,13,14,1,Liesje Roser,Dacia Racing Team,Medium,1:49.191,+8.558,+28.291,Running
21,14,13,-1,Al Fabet,Villiuride Racing,Medium,1:51.704,+0.122,+28.413,Running
21,15,15,0,Clara Longo,Icarus,Hard,1:51.532,+3.731,+32.144,Running
21,16,16,0,Marek Madeira,Dacia Racing Team,Medium,1:51.618,+3.131,+35.275,Running
21,17,17,0,Kanno Sora,LFL Engineering,Medium,1:51.352,+1.521,+12.250,Mechanical failure on lap 15
21,18,18,0,Aleksa Kozlov,LFL Engineering,Medium,1:50.291,+0.200,+3.643,Crashed on lap 2
22,1,2,1,Berend Boer,Shell Motorsports,Medium,1:50.476,-,-,Running
22,2,4,2,Sydney Aspen,Villiuride Racing,Medium,1:50.128,+1.836,+1.836,Running
22,3,3,0,Damien Quibuyen,Mercedes AMG Motorsport,Medium,1:52.441,+1.456,+3.293,Running
22,4,6,2,Mark Graham,Trike Motorsports,Medium,1:50.752,+0.050,+3.343,Running
22,5,8,3,Eli Huertez,Pulang Kabayo Racing,Medium,1:50.942,+7.756,+11.099,Running
22,6,7,1,Fidan Basak,Pulang Kabayo Racing,Medium,1:51.860,+0.148,+11.247,Running
22,7,11,4,Jamar Henry,Trike Motorsports,Medium,1:50.210,+1.205,+12.451,Running
22,8,9,1,Aida Haque,Icarus,Medium,1:52.284,+0.050,+12.501,Running
22,9,10,1,Franc Abel,Shell Motorsports,Hard,1:51.614,+1.324,+13.825,Running
22,10,12,2,Ananda Chohan,Mercedes AMG Motorsport,Hard,1:50.079,+1.666,+15.491,Running
22,11,1,-10,Ye Li,Racing Life,Soft,1:51.396,+3.584,+19.075,Running
22,12,14,2,Al Fabet,Villiuride Racing,Medium,1:51.185,+5.987,+25.062,Running
22,13,13,0,Liesje Roser,Dacia Racing Team,Medium,1:51.142,+0.050,+25.112,Running
22,14,5,-9,Niamh Murphy,Racing Life,Soft,1:53.167,+2.400,+27.512,Running
22,15,15,0,Clara Longo,Icarus,Hard,1:51.502,+1.814,+29.326,Running
22,16,16,0,Marek Madeira,Dacia Racing Team,Medium,1:50.125,+1.754,+31.080,Running
22,17,17,0,Kanno Sora,LFL Engineering,Medium,1:51.352,+1.521,+12.250,Mechanical failure on lap 15
22,18,18,0,Aleksa Kozlov,LFL Engineering,Medium,1:50.291,+0.200,+3.643,Crashed on lap 2
23,1,1,0,Berend Boer,Shell Motorsports,Medium,1:51.527,-,-,Running
23,2,3,1,Damien Quibuyen,Mercedes AMG Motorsport,Medium,1:50.889,+2.020,+2.020,Running
23,3,2,-1,Sydney Aspen,Villiuride Racing,Medium,1:51.761,+0.050,+2.070,Running
23,4,4,0,Mark Graham,Trike Motorsports,Medium,1:50.842,+0.588,+2.658,Running
23,5,5,0,Eli Huertez,Pulang Kabayo Racing,Medium,1:50.240,+7.154,+9.812,Running
23,6,7,1,Jamar Henry,Trike Motorsports,Medium,1:49.900,+1.013,+10.824,Running
23,7,9,2,Franc Abel,Shell Motorsports,Hard,1:50.913,+2.387,+13.211,Running
23,8,11,3,Ye Li,Racing Life,Soft,1:49.362,+2.777,+15.989,Running
23,9,10,1,Ananda Chohan,Mercedes AMG Motorsport,Hard,1:52.075,+0.050,+16.039,Running
23,10,13,3,Liesje Roser,Dacia Racing Team,Medium,1:51.034,+8.580,+24.619,Running
23,11,12,1,Al Fabet,Villiuride Racing,Medium,1:51.382,+0.298,+24.916,Running
23,12,14,2,Niamh Murphy,Racing Life,Soft,1:50.010,+1.078,+25.995,Running
23,13,15,2,Clara Longo,Icarus,Hard,1:51.087,+2.891,+28.886,Running
23,14,16,2,Marek Madeira,Dacia Racing Team,Medium,1:51.361,+2.028,+30.913,Running
23,15,8,-7,Aida Haque,Icarus,Hard,1:50.907,+2.968,+33.881,Running
23,16,6,-10,Fidan Basak,Pulang Kabayo Racing,Hard,1:52.514,+0.352,+34.234,Running
23,17,17,0,Kanno Sora,LFL Engineering,Medium,1:51.352,+1.521,+12.250,Mechanical failure on lap 15
23,18,18,0,Aleksa Kozlov,LFL Engineering,Medium,1:50.291,+0.200,+3.643,Crashed on lap 2
24,1,1,0,Berend Boer,Shell Motorsports,Medium,1:51.744,-,-,Running
24,2,2,0,Damien Quibuyen,Mercedes AMG Motorsport,Medium,1:51.368,+1.644,+1.644,Running
24,3,5,2,Eli Huertez,Pulang Kabayo Racing,Medium,1:49.843,+6.267,+7.911,Running
24,4,6,2,Jamar Henry,Trike Motorsports,Medium,1:49.493,+0.663,+8.574,Running
24,5,7,2,Franc Abel,Shell Motorsports,Hard,1:50.623,+3.517,+12.090,Running
24,6,9,3,Ananda Chohan,Mercedes AMG Motorsport,Hard,1:49.907,+2.111,+14.202,Running
24,7,8,1,Ye Li,Racing Life,Soft,1:50.993,+1.037,+15.238,Running
24,8,3,-5,Sydney Aspen,Villiuride Racing,Hard,1:51.435,+7.980,+23.218,Running
24,9,11,2,Al Fabet,Villiuride Racing,Medium,1:50.095,+0.050,+23.268,Running
24,10,10,0,Liesje Roser,Dacia Racing Team,Medium,1:51.909,+1.382,+24.650,Running
24,11,12,1,Niamh Murphy,Racing Life,Soft,1:50.449,+0.050,+24.700,Running
24,12,4,-8,Mark Graham,Trike Motorsports,Hard,1:52.188,+0.402,+25.102,Running
24,13,13,0,Clara Longo,Icarus,Hard,1:52.696,+3.944,+29.046,Running
24,14,14,0,Marek Madeira,Dacia Racing Team,Medium,1:49.926,+0.050,+29.096,Running
24,15,15,0,Aida Haque,Icarus,Hard,1:51.007,+4.049,+33.145,Running
24,16,16,0,Fidan Basak,Pulang Kabayo Racing,Hard,1:52.549,+1.894,+35.039,Running
24,17,17,0,Kanno Sora,LFL Engineering,Medium,1:51.352,+1.521,+12.250,Mechanical failure on lap 15
24,18,18,0,Aleksa Kozlov,LFL Engineering,Medium,1:50.291,+0.200,+3.643,Crashed on lap 2
25,1,1,0,Berend Boer,Shell Motorsports,Medium,1:51.404,-,-,Running
25,2,2,0,Damien Quibuyen,Mercedes AMG Motorsport,Medium,1:52.407,+2.647,+2.647,Running
25,3,4,1,Jamar Henry,Trike Motorsports,Medium,1:49.919,+4.442,+7.089,Running
25,4,3,-1,Eli Huertez,Pulang Kabayo Racing,Medium,1:51.251,+0.669,+7.758,Running
25,5,5,0,Franc Abel,Shell Motorsports,Hard,1:51.351,+4.280,+12.038,Running
25,6,7,1,Ye Li,Racing Life,Soft,1:49.817,+1.613,+13.651,Running
25,7,6,-1,Ananda Chohan,Mercedes AMG Motorsport,Hard,1:50.891,+0.038,+13.688,Running
25,8,8,0,Sydney Aspen,Villiuride Racing,Hard,1:50.250,+8.376,+22.064,Running
25,9,9,0,Al Fabet,Villiuride Racing,Medium,1:50.539,+0.339,+22.403,Running
25,10,11,1,Niamh Murphy,Racing Life,Soft,1:49.543,+0.436,+22.839,Running
25,11,10,-1,Liesje Roser,Dacia Racing Team,Medium,1:51.208,+1.615,+24.454,Running
25,12,12,0,Mark Graham,Trike Motorsports,Hard,1:52.436,+1.681,+26.134,Running
25,13,13,0,Clara Longo,Icarus,Hard,1:50.253,+1.760,+27.895,Running
25,14,14,0,Marek Madeira,Dacia Racing Team,Medium,1:51.650,+1.447,+29.342,Running
25,15,15,0,Aida Haque,Icarus,Hard,1:52.247,+4.646,+33.988,Running
25,16,16,0,Fidan Basak,Pulang Kabayo Racing,Hard,1:52.134,+1.781,+35.769,Running
25,17,17,0,Kanno Sora,LFL Engineering,Medium,1:51.352,+1.521,+12.250,Mechanical failure on lap 15
25,18,18,0,Aleksa Kozlov,LFL Engineering,Medium,1:50.291,+0.200,+3.643,Crashed on lap 2
26,1,1,0,Berend Boer,Shell Motorsports,Medium,1:51.991,-,-,Running
26,2,2,0,Damien Quibuyen,Mercedes AMG Motorsport,Medium,1:51.830,+2.485,+2.485,Running
26,3,3,0,Jamar Henry,Trike Motorsports,Medium,1:50.053,+2.666,+5.151,Running
26,4,4,0,Eli Huertez,Pulang Kabayo Racing,Medium,1:50.697,+1.312,+6.464,Running
26,5,5,0,Franc Abel,Shell Motorsports,Hard,1:50.414,+3.997,+10.461,Running
26,6,7,1,Ananda Chohan,Mercedes AMG Motorsport,Hard,1:49.795,+1.031,+11.492,Running
26,7,6,-1,Ye Li,Racing Life,Soft,1:50.620,+0.788,+12.280,Running
26,8,10,2,Niamh Murphy,Racing Life,Soft,1:50.025,+8.593,+20.872,Running
26,9,9,0,Al Fabet,Villiuride Racing,Medium,1:52.055,+1.109,+21.982,Running
26,10,8,-2,Sydney Aspen,Villiuride Racing,Hard,1:51.959,+0.050,+22.032,Running
26,11,12,1,Mark Graham,Trike Motorsports,Hard,1:50.886,+1.997,+24.028,Running
26,12,11,-1,Liesje Roser,Dacia Racing Team,Medium,1:51.616,+0.050,+24.078,Running
26,13,14,1,Marek Madeira,Dacia Racing Team,Medium,1:51.568,+4.246,+28.325,Running
26,14,13,-1,Clara Longo,Icarus,Hard,1:52.471,+0.050,+28.375,Running
26,15,15,0,Aida Haque,Icarus,Hard,1:51.813,+5.435,+33.810,Running
26,16,16,0,Fidan Basak,Pulang Kabayo Racing,Hard,1:50.941,+0.908,+34.718,Running
26,17,17,0,Kanno Sora,LFL Engineering,Medium,1:51.352,+1.521,+12.250,Mechanical failure on lap 15
26,18,18,0,Aleksa Kozlov,LFL Engineering,Medium,1:50.291,+0.200,+3.643,Crashed on lap 2
27,1,1,0,Berend Boer,Shell Motorsports,Medium,1:50.814,-,-,Running
27,2,2,0,Damien Quibuyen,Mercedes AMG Motorsport,Medium,1:52.463,+4.134,+4.134,Running
27,3,4,1,Eli Huertez,Pulang Kabayo Racing,Medium,1:50.178,+1.156,+5.290,Running
27,4,3,-1,Jamar Henry,Trike Motorsports,Medium,1:51.003,+0.050,+5.340,Running
27,5,5,0,Franc Abel,Shell Motorsports,Hard,1:50.543,+4.850,+10.190,Running
27,6,6,0,Ananda Chohan,Mercedes AMG Motorsport,Hard,1:51.806,+2.294,+12.484,Running
27,7,7,0,Ye Li,Racing Life,Soft,1:51.149,+0.130,+12.615,Running
27,8,8,0,Niamh Murphy,Racing Life,Soft,1:50.805,+8.248,+20.863,Running
27,9,9,0,Al Fabet,Villiuride Racing,Medium,1:51.033,+1.337,+22.200,Running
27,10,10,0,Sydney Aspen,Villiuride Racing,Hard,1:51.103,+0.120,+22.320,Running
27,11,11,0,Mark Graham,Trike Motorsports,Hard,1:50.382,+1.276,+23.596,Running
27,12,12,0,Liesje Roser,Dacia Racing Team,Medium,1:51.287,+0.955,+24.551,Running
27,13,14,1,Clara Longo,Icarus,Hard,1:50.518,+3.528,+28.079,Running
27,14,13,-1,Marek Madeira,Dacia Racing Team,Medium,1:51.331,+0.763,+28.842,Running
27,15,15,0,Aida Haque,Icarus,Hard,1:51.095,+5.248,+34.090,Running
27,16,16,0,Fidan Basak,Pulang Kabayo Racing,Hard,1:51.128,+0.942,+35.032,Running
27,17,17,0,Kanno Sora,LFL Engineering,Medium,1:51.352,+1.521,+12.250,Mechanical failure on lap 15
27,18,18,0,Aleksa Kozlov,LFL Engineering,Medium,1:50.291,+0.200,+3.643,Crashed on lap 2
28,1,1,0,Berend Boer,Shell Motorsports,Medium,1:51.320,-,-,Running
28,2,2,0,Damien Quibuyen,Mercedes AMG Motorsport,Medium,1:50.795,+3.609,+3.609,Running
28,3,3,0,Eli Huertez,Pulang Kabayo Racing,Medium,1:50.678,+1.040,+4.648,Running
28,4,4,0,Jamar Henry,Trike Motorsports,Medium,1:51.908,+1.279,+5.928,Running
28,5,5,0,Franc Abel,Shell Motorsports,Hard,1:51.340,+4.282,+10.210,Running
28,6,7,1,Ye Li,Racing Life,Soft,1:50.081,+1.166,+11.375,Running
28,7,6,-1,Ananda Chohan,Mercedes AMG Motorsport,Hard,1:51.643,+1.432,+12.807,Running
28,8,8,0,Niamh Murphy,Racing Life,Soft,1:49.499,+6.234,+19.041,Running
28,9,9,0,Al Fabet,Villiuride Racing,Medium,1:49.890,+1.729,+20.770,Running
28,10,10,0,Sydney Aspen,Villiuride Racing,Hard,1:50.454,+0.684,+21.454,Running
28,11,12,1,Liesje Roser,Dacia Racing Team,Medium,1:50.886,+2.333,+23.787,Running
28,12,11,-1,Mark Graham,Trike Motorsports,Hard,1:51.561,+0.050,+23.837,Running
28,13,13,0,Clara Longo,Icarus,Hard,1:52.578,+5.222,+29.059,Running
28,14,14,0,Marek Madeira,Dacia Racing Team,Medium,1:51.587,+0.050,+29.109,Running
28,15,15,0,Aida Haque,Icarus,Hard,1:52.270,+4.943,+34.052,Running
28,16,16,0,Fidan Basak,Pulang Kabayo Racing,Hard,1:50.390,+0.050,+34.102,Running
28,17,17,0,Kanno Sora,LFL Engineering,Medium,1:51.352,+1.521,+12.250,Mechanical failure on lap 15
28,18,18,0,Aleksa Kozlov,LFL Engineering,Medium,1:50.291,+0.200,+3.643,Crashed on lap 2
29,1,2,1,Damien Quibuyen,Mercedes AMG Motorsport,Medium,1:53.443,-,-,Running
29,2,3,1,Eli Huertez,Pulang Kabayo Racing,Medium,1:51.855,+0.050,+0.050,Running
29,3,4,1,Jamar Henry,Trike Motorsports,Medium,1:51.470,+0.894,+0.944,Running
29,4,5,1,Franc Abel,Shell Motorsports,Hard,1:51.975,+4.787,+5.731,Running
29,5,6,1,Ye Li,Racing Life,Soft,1:50.820,+0.011,+5.742,Running
29,6,7,1,Ananda Chohan,Mercedes AMG Motorsport,Hard,1:52.429,+3.041,+8.783,Running
29,7,8,1,Niamh Murphy,Racing Life,Soft,1:50.684,+4.489,+13.272,Running
29,8,9,1,Al Fabet,Villiuride Racing,Medium,1:50.555,+1.600,+14.872,Running
29,9,10,1,Sydney Aspen,Villiuride Racing,Hard,1:50.794,+0.923,+15.795,Running
29,10,1,-9,Berend Boer,Shell Motorsports,Hard,1:51.909,+1.660,+17.456,Running
29,11,12,1,Mark Graham,Trike Motorsports,Hard,1:52.406,+2.012,+19.467,Running
29,12,11,-1,Liesje Roser,Dacia Racing Team,Medium,1:52.184,+0.050,+19.517,Running
29,13,13,0,Clara Longo,Icarus,Hard,1:50.931,+3.634,+23.151,Running
29,14,14,0,Marek Madeira,Dacia Racing Team,Medium,1:50.545,+0.050,+23.201,Running
29,15,16,1,Fidan Basak,Pulang Kabayo Racing,Hard,1:51.438,+4.819,+28.020,Running
29,16,15,-1,Aida Haque,Icarus,Hard,1:50.471,+0.050,+28.070,Running
29,17,17,0,Kanno Sora,LFL Engineering,Medium,1:51.352,+1.521,+12.250,Mechanical failure on lap 15
29,18,18,0,Aleksa Kozlov,LFL Engineering,Medium,1:50.291,+0.200,+3.643,Crashed on lap 2
30,1,2,1,Eli Huertez,Pulang Kabayo Racing,Medium,1:49.998,-,-,Running
30,2,3,1,Jamar Henry,Trike Motorsports,Medium,1:50.566,+1.462,+1.462,Running
30,3,5,2,Ye Li,Racing Life,Soft,1:51.220,+5.452,+6.914,Running
30,4,4,0,Franc Abel,Shell Motorsports,Hard,1:51.347,+0.116,+7.030,Running
30,5,6,1,Ananda Chohan,Mercedes AMG Motorsport,Hard,1:52.128,+3.833,+10.863,Running
30,6,7,1,Niamh Murphy,Racing Life,Soft,1:49.777,+2.138,+13.001,Running
30,7,8,1,Al Fabet,Villiuride Racing,Medium,1:51.033,+2.856,+15.857,Running
30,8,9,1,Sydney Aspen,Villiuride Racing,Hard,1:51.965,+1.856,+17.713,Running
30,9,10,1,Berend Boer,Shell Motorsports,Hard,1:51.136,+0.830,+18.543,Running
30,10,12,2,Liesje Roser,Dacia Racing Team,Medium,1:50.406,+1.332,+19.875,Running
30,11,11,0,Mark Graham,Trike Motorsports,Hard,1:52.667,+2.211,+22.086,Running
30,12,1,-11,Damien Quibuyen,Mercedes AMG Motorsport,Hard,1:52.080,+1.945,+24.032,Running
30,13,14,1,Marek Madeira,Dacia Racing Team,Medium,1:51.201,+0.323,+24.354,Running
30,14,13,-1,Clara Longo,Icarus,Hard,1:51.493,+0.242,+24.596,Running
30,15,16,1,Aida Haque,Icarus,Hard,1:50.213,+3.082,+27.678,Running
30,16,15,-1,Fidan Basak,Pulang Kabayo Racing,Hard,1:49.757,+0.050,+27.728,Running
30,17,17,0,Kanno Sora,LFL Engineering,Medium,1:51.352,+1.521,+12.250,Mechanical failure on lap 15
30,18,18,0,Aleksa Kozlov,LFL Engineering,Medium,1:50.291,+0.200,+3.643,Crashed on lap 2
31,1,1,0,Eli Huertez,Pulang Kabayo Racing,Medium,1:50.827,-,-,Running
31,2,2,0,Jamar Henry,Trike Motorsports,Medium,1:50.271,+0.906,+0.906,Running
31,3,4,1,Franc Abel,Shell Motorsports,Hard,1:51.122,+5.403,+6.309,Running
31,4,3,-1,Ye Li,Racing Life,Soft,1:50.271,+0.050,+6.359,Running
31,5,5,0,Ananda Chohan,Mercedes AMG Motorsport,Hard,1:51.063,+4.740,+11.099,Running
31,6,6,0,Niamh Murphy,Racing Life,Soft,1:49.988,+1.063,+12.162,Running
31,7,7,0,Al Fabet,Villiuride Racing,Medium,1:51.324,+4.192,+16.354,Running
31,8,9,1,Berend Boer,Shell Motorsports,Hard,1:50.548,+1.841,+18.195,Running
31,9,8,-1,Sydney Aspen,Villiuride Racing,Hard,1:51.359,+0.050,+18.245,Running
31,10,10,0,Liesje Roser,Dacia Racing Team,Medium,1:51.622,+2.425,+20.670,Running
31,11,11,0,Mark Graham,Trike Motorsports,Hard,1:50.872,+1.462,+22.132,Running
31,12,12,0,Damien Quibuyen,Mercedes AMG Motorsport,Hard,1:51.999,+3.072,+25.204,Running
31,13,14,1,Clara Longo,Icarus,Hard,1:51.890,+0.455,+25.659,Running
31,14,13,-1,Marek Madeira,Dacia Racing Team,Medium,1:52.212,+0.081,+25.739,Running
31,15,15,0,Aida Haque,Icarus,Hard,1:50.692,+1.804,+27.543,Running
31,16,16,0,Fidan Basak,Pulang Kabayo Racing,Hard,1:51.685,+1.043,+28.586,Running
31,17,17,0,Kanno Sora,LFL Engineering,Medium,1:51.352,+1.521,+12.250,Mechanical failure on lap 15
31,18,18,0,Aleksa Kozlov,LFL Engineering,Medium,1:50.291,+0.200,+3.643,Crashed on lap 2
32,1,1,0,Eli Huertez,Pulang Kabayo Racing,Medium,1:51.200,-,-,Running
32,2,2,0,Jamar Henry,Trike Motorsports,Medium,1:51.337,+1.043,+1.043,Running
32,3,4,1,Ye Li,Racing Life,Soft,1:51.116,+5.047,+6.090,Running
32,4,3,-1,Franc Abel,Shell Motorsports,Hard,1:51.031,+0.050,+6.140,Running
32,5,6,1,Niamh Murphy,Racing Life,Soft,1:49.594,+4.416,+10.555,Running
32,6,5,-1,Ananda Chohan,Mercedes AMG Motorsport,Hard,1:52.019,+1.362,+11.918,Running
32,7,7,0,Al Fabet,Villiuride Racing,Medium,1:51.282,+4.518,+16.436,Running
32,8,8,0,Berend Boer,Shell Motorsports,Hard,1:50.266,+0.825,+17.261,Running
32,9,9,0,Sydney Aspen,Villiuride Racing,Hard,1:51.915,+1.699,+18.960,Running
32,10,11,1,Mark Graham,Trike Motorsports,Hard,1:50.283,+2.255,+21.214,Running
32,11,10,-1,Liesje Roser,Dacia Racing Team,Medium,1:51.924,+0.179,+21.394,Running
32,12,12,0,Damien Quibuyen,Mercedes AMG Motorsport,Hard,1:50.978,+3.337,+24.731,Running
32,13,14,1,Marek Madeira,Dacia Racing Team,Medium,1:50.242,+0.050,+24.781,Running
32,14,16,2,Fidan Basak,Pulang Kabayo Racing,Hard,1:50.715,+3.102,+27.882,Running
32,15,15,0,Aida Haque,Icarus,Hard,1:51.589,+0.050,+27.932,Running
32,16,13,-3,Clara Longo,Icarus,Medium,1:51.043,+19.569,+47.501,Running
32,17,17,0,Kanno Sora,LFL Engineering,Medium,1:51.352,+1.521,+12.250,Mechanical failure on lap 15
32,18,18,0,Aleksa Kozlov,LFL Engineering,Medium,1:50.291,+0.200,+3.643,Crashed on lap 2
33,1,2,1,Jamar Henry,Trike Motorsports,Medium,1:50.726,-,-,Running
33,2,1,-1,Eli Huertez,Pulang Kabayo Racing,Medium,1:52.032,+0.263,+0.263,Running
33,3,4,1,Franc Abel,Shell Motorsports,Hard,1:50.417,+4.524,+4.788,Running
33,4,3,-1,Ye Li,Racing Life,Soft,1:51.416,+0.949,+5.737,Running
33,5,5,0,Niamh Murphy,Racing Life,Soft,1:50.413,+3.463,+9.200,Running
33,6,6,0,Ananda Chohan,Mercedes AMG Motorsport,Hard,1:51.862,+2.811,+12.011,Running
33,7,7,0,Al Fabet,Villiuride Racing,Medium,1:49.875,+2.531,+14.542,Running
33,8,8,0,Berend Boer,Shell Motorsports,Hard,1:50.704,+1.654,+16.196,Running
33,9,11,2,Liesje Roser,Dacia Racing Team,Medium,1:50.402,+3.143,+19.340,Running
33,10,9,-1,Sydney Aspen,Villiuride Racing,Hard,1:52.199,+0.050,+19.390,Running
33,11,10,-1,Mark Graham,Trike Motorsports,Hard,1:50.690,+0.587,+19.977,Running
33,12,12,0,Damien Quibuyen,Mercedes AMG Motorsport,Hard,1:51.051,+4.036,+24.013,Running
33,13,13,0,Marek Madeira,Dacia Racing Team,Medium,1:51.326,+0.325,+24.338,Running
33,14,15,1,Aida Haque,Icarus,Hard,1:50.437,+2.263,+26.600,Running
33,15,14,-1,Fidan Basak,Pulang Kabayo Racing,Hard,1:51.817,+1.331,+27.931,Running
33,16,16,0,Clara Longo,Icarus,Medium,1:50.307,+18.109,+46.040,Running
33,17,17,0,Kanno Sora,LFL Engineering,Medium,1:51.352,+1.521,+12.250,Mechanical failure on lap 15
33,18,18,0,Aleksa Kozlov,LFL Engineering,Medium,1:50.291,+0.200,+3.643,Crashed on lap 2
34,1,1,0,Jamar Henry,Trike Motorsports,Medium,1:49.142,-,-,Running
34,2,2,0,Eli Huertez,Pulang Kabayo Racing,Medium,1:51.582,+2.703,+2.703,Running
34,3,4,1,Ye Li,Racing Life,Soft,1:49.664,+3.556,+6.259,Running
34,4,3,-1,Franc Abel,Shell Motorsports,Hard,1:51.716,+1.103,+7.361,Running
34,5,5,0,Niamh Murphy,Racing Life,Soft,1:50.876,+3.572,+10.933,Running
34,6,6,0,Ananda Chohan,Mercedes AMG Motorsport,Hard,1:50.737,+2.672,+13.606,Running
34,7,7,0,Al Fabet,Villiuride Racing,Medium,1:50.668,+2.462,+16.067,Running
34,8,8,0,Berend Boer,Shell Motorsports,Hard,1:51.700,+2.686,+18.754,Running
34,9,10,1,Sydney Aspen,Villiuride Racing,Hard,1:51.687,+3.180,+21.934,Running
34,10,9,-1,Liesje Roser,Dacia Racing Team,Medium,1:52.118,+0.382,+22.315,Running
34,11,11,0,Mark Graham,Trike Motorsports,Hard,1:51.541,+0.060,+22.376,Running
34,12,12,0,Damien Quibuyen,Mercedes AMG Motorsport,Hard,1:50.864,+3.359,+25.735,Running
34,13,14,1,Aida Haque,Icarus,Hard,1:50.504,+2.227,+27.962,Running
34,14,15,1,Fidan Basak,Pulang Kabayo Racing,Hard,1:50.421,+1.248,+29.210,Running
34,15,16,1,Clara Longo,Icarus,Medium,1:51.679,+19.366,+48.576,Running
34,16,13,-3,Marek Madeira,Dacia Racing Team,Medium,1:52.713,+1.332,+49.908,Running
34,17,17,0,Kanno Sora,LFL Engineering,Medium,1:51.352,+1.521,+12.250,Mechanical failure on lap 15
34,18,18,0,Aleksa Kozlov,LFL Engineering,Medium,1:50.291,+0.200,+3.643,Crashed on lap 2
35,1,1,0,Jamar Henry,Trike Motorsports,Medium,1:51.355,-,-,Running
35,2,2,0,Eli Huertez,Pulang Kabayo Racing,Medium,1:50.707,+2.055,+2.055,Running
35,3,4,1,Franc Abel,Shell Motorsports,Hard,1:50.500,+3.788,+5.843,Running
35,4,3,-1,Ye Li,Racing Life,Soft,1:50.990,+0.050,+5.893,Running
35,5,5,0,Niamh Murphy,Racing Life,Soft,1:51.259,+4.944,+10.838,Running
35,6,6,0,Ananda Chohan,Mercedes AMG Motorsport,Hard,1:52.327,+3.740,+14.578,Running
35,7,7,0,Al Fabet,Villiuride Racing,Medium,1:51.413,+1.547,+16.125,Running
35,8,8,0,Berend Boer,Shell Motorsports,Hard,1:51.371,+2.644,+18.769,Running
35,9,9,0,Sydney Aspen,Villiuride Racing,Hard,1:52.044,+2.848,+21.617,Running
35,10,11,1,Mark Graham,Trike Motorsports,Hard,1:50.647,+0.050,+21.667,Running
35,11,12,1,Damien Quibuyen,Mercedes AMG Motorsport,Hard,1:50.265,+2.978,+24.645,Running
35,12,13,1,Aida Haque,Icarus,Hard,1:52.077,+4.039,+28.684,Running
35,13,14,1,Fidan Basak,Pulang Kabayo Racing,Hard,1:51.445,+0.616,+29.299,Running
35,14,10,-4,Liesje Roser,Dacia Racing Team,Medium,1:51.774,+15.435,+44.734,Running
35,15,15,0,Clara Longo,Icarus,Medium,1:50.641,+3.127,+47.861,Running
35,16,16,0,Marek Madeira,Dacia Racing Team,Medium,1:50.580,+1.271,+49.133,Running
35,17,17,0,Kanno Sora,LFL Engineering,Medium,1:51.352,+1.521,+12.250,Mechanical failure on lap 15
35,18,18,0,Aleksa Kozlov,LFL Engineering,Medium,1:50.291,+0.200,+3.643,Crashed on lap 2
36,1,1,0,Jamar Henry,Trike Motorsports,Medium,1:51.023,-,-,Running
36,2,2,0,Eli Huertez,Pulang Kabayo Racing,Medium,1:50.746,+1.778,+1.778,Running
36,3,4,1,Ye Li,Racing Life,Soft,1:50.376,+3.468,+5.246,Running
36,4,3,-1,Franc Abel,Shell Motorsports,Hard,1:50.889,+0.463,+5.710,Running
36,5,5,0,Niamh Murphy,Racing Life,Soft,1:49.739,+3.844,+9.554,Running
36,6,7,1,Al Fabet,Villiuride Racing,Medium,1:50.469,+6.017,+15.571,Running
36,7,6,-1,Ananda Chohan,Mercedes AMG Motorsport,Hard,1:52.542,+0.526,+16.097,Running
36,8,8,0,Berend Boer,Shell Motorsports,Hard,1:51.358,+3.007,+19.104,Running
36,9,9,0,Sydney Aspen,Villiuride Racing,Hard,1:50.992,+2.481,+21.585,Running
36,10,10,0,Mark Graham,Trike Motorsports,Hard,1:51.913,+0.971,+22.557,Running
36,11,11,0,Damien Quibuyen,Mercedes AMG Motorsport,Hard,1:49.876,+0.941,+23.497,Running
36,12,13,1,Fidan Basak,Pulang Kabayo Racing,Hard,1:51.535,+5.885,+29.383,Running
36,13,12,-1,Aida Haque,Icarus,Hard,1:51.772,+0.050,+29.433,Running
36,14,14,0,Liesje Roser,Dacia Racing Team,Medium,1:50.293,+14.572,+44.004,Running
36,15,15,0,Clara Longo,Icarus,Medium,1:49.951,+2.785,+46.789,Running
36,16,16,0,Marek Madeira,Dacia Racing Team,Medium,1:50.127,+1.448,+48.237,Running
36,17,17,0,Kanno Sora,LFL Engineering,Medium,1:51.352,+1.521,+12.250,Mechanical failure on lap 15
36,18,18,0,Aleksa Kozlov,LFL Engineering,Medium,1:50.291,+0.200,+3.643,Crashed on lap 2
37,1,2,1,Eli Huertez,Pulang Kabayo Racing,Medium,1:50.823,-,-,Running
37,2,1,-1,Jamar Henry,Trike Motorsports,Medium,1:51.859,+0.050,+0.050,Running
37,3,3,0,Ye Li,Racing Life,Soft,1:51.289,+4.676,+4.726,Running
37,4,4,0,Franc Abel,Shell Motorsports,Hard,1:52.132,+1.307,+6.032,Running
37,5,5,0,Niamh Murphy,Racing Life,Soft,1:51.451,+3.163,+9.195,Running
37,6,7,1,Ananda Chohan,Mercedes AMG Motorsport,Hard,1:52.211,+6.459,+15.655,Running
37,7,6,-1,Al Fabet,Villiuride Racing,Medium,1:51.943,+0.050,+15.705,Running
37,8,8,0,Berend Boer,Shell Motorsports,Hard,1:51.903,+3.493,+19.198,Running
37,9,10,1,Mark Graham,Trike Motorsports,Hard,1:50.396,+1.945,+21.143,Running
37,10,9,-1,Sydney Aspen,Villiuride Racing,Hard,1:52.547,+1.180,+22.323,Running
37,11,11,0,Damien Quibuyen,Mercedes AMG Motorsport,Hard,1:50.745,+0.110,+22.433,Running
37,12,13,1,Aida Haque,Icarus,Hard,1:51.338,+6.528,+28.962,Running
37,13,12,-1,Fidan Basak,Pulang Kabayo Racing,Hard,1:52.758,+1.370,+30.331,Running
37,14,14,0,Liesje Roser,Dacia Racing Team,Medium,1:50.315,+12.179,+42.510,Running
37,15,15,0,Clara Longo,Icarus,Medium,1:52.891,+5.360,+47.871,Running
37,16,16,0,Marek Madeira,Dacia Racing Team,Medium,1:51.929,+0.486,+48.357,Running
37,17,17,0,Kanno Sora,LFL Engineering,Medium,1:51.352,+1.521,+12.250,Mechanical failure on lap 15
37,18,18,0,Aleksa Kozlov,LFL Engineering,Medium,1:50.291,+0.200,+3.643,Crashed on lap 2
38,1,1,0,Eli Huertez,Pulang Kabayo Racing,Medium,1:50.547,-,-,Running
38,2,4,2,Franc Abel,Shell Motorsports,Hard,1:50.303,+5.788,+5.788,Running
38,3,3,0,Ye Li,Racing Life,Soft,1:51.774,+0.165,+5.953,Running
38,4,5,1,Niamh Murphy,Racing Life,Soft,1:50.163,+2.858,+8.810,Running
38,5,6,1,Ananda Chohan,Mercedes AMG Motorsport,Hard,1:52.810,+9.107,+17.918,Running
38,6,8,2,Berend Boer,Shell Motorsports,Hard,1:50.632,+1.366,+19.283,Running
38,7,10,3,Sydney Aspen,Villiuride Racing,Hard,1:50.376,+2.869,+22.152,Running
38,8,9,1,Mark Graham,Trike Motorsports,Hard,1:51.771,+0.215,+22.367,Running
38,9,11,2,Damien Quibuyen,Mercedes AMG Motorsport,Hard,1:51.485,+1.004,+23.371,Running
38,10,2,-8,Jamar Henry,Trike Motorsports,Hard,1:51.967,+0.098,+23.469,Running
38,11,12,1,Aida Haque,Icarus,Hard,1:52.507,+7.452,+30.921,Running
38,12,13,1,Fidan Basak,Pulang Kabayo Racing,Hard,1:51.857,+0.719,+31.641,Running
38,13,7,-6,Al Fabet,Villiuride Racing,Hard,1:50.985,+6.502,+38.142,Running
38,14,14,0,Liesje Roser,Dacia Racing Team,Medium,1:49.616,+3.436,+41.578,Running
38,15,16,1,Marek Madeira,Dacia Racing Team,Medium,1:51.420,+7.651,+49.230,Running
38,16,15,-1,Clara Longo,Icarus,Medium,1:52.688,+0.781,+50.011,Running
38,17,17,0,Kanno Sora,LFL Engineering,Medium,1:51.352,+1.521,+12.250,Mechanical failure on lap 15
38,18,18,0,Aleksa Kozlov,LFL Engineering,Medium,1:50.291,+0.200,+3.643,Crashed on lap 2
39,1,3,2,Ye Li,Racing Life,Soft,1:50.108,-,-,Running
39,2,2,0,Franc Abel,Shell Motorsports,Hard,1:50.528,+0.255,+0.255,Running
39,3,4,1,Niamh Murphy,Racing Life,Soft,1:51.448,+3.943,+4.198,Running
39,4,5,1,Ananda Chohan,Mercedes AMG Motorsport,Hard,1:52.492,+9.415,+13.612,Running
39,5,6,1,Berend Boer,Shell Motorsports,Hard,1:50.440,+0.050,+13.662,Running
39,6,1,-5,Eli Huertez,Pulang Kabayo Racing,Soft,1:50.721,+2.997,+16.660,Running
39,7,8,1,Mark Graham,Trike Motorsports,Hard,1:51.095,+0.741,+17.401,Running
39,8,10,2,Jamar Henry,Trike Motorsports,Hard,1:50.251,+0.086,+17.487,Running
39,9,7,-2,Sydney Aspen,Villiuride Racing,Hard,1:51.446,+0.050,+17.537,Running
39,10,9,-1,Damien Quibuyen,Mercedes AMG Motorsport,Hard,1:52.418,+2.191,+19.728,Running
39,11,12,1,Fidan Basak,Pulang Kabayo Racing,Hard,1:52.667,+8.100,+27.828,Running
39,12,11,-1,Aida Haque,Icarus,Hard,1:53.018,+0.050,+27.878,Running
39,13,13,0,Al Fabet,Villiuride Racing,Hard,1:51.552,+5.755,+33.633,Running
39,14,14,0,Liesje Roser,Dacia Racing Team,Medium,1:51.104,+2.988,+36.622,Running
39,15,15,0,Marek Madeira,Dacia Racing Team,Medium,1:51.505,+8.052,+44.674,Running
39,16,16,0,Clara Longo,Icarus,Medium,1:52.532,+1.807,+46.481,Running
39,17,17,0,Kanno Sora,LFL Engineering,Medium,1:51.352,+1.521,+12.250,Mechanical failure on lap 15
39,18,18,0,Aleksa Kozlov,LFL Engineering,Medium,1:50.291,+0.200,+3.643,Crashed on lap 2
40,1,2,1,Franc Abel,Shell Motorsports,Hard,1:51.256,-,-,Running
40,2,1,-1,Ye Li,Racing Life,Soft,1:50.635,+0.050,+0.050,Running
40,3,3,0,Niamh Murphy,Racing Life,Soft,1:51.372,+4.934,+4.984,Running
40,4,5,1,Berend Boer,Shell Motorsports,Hard,1:51.230,+9.323,+14.308,Running
40,5,4,-1,Ananda Chohan,Mercedes AMG Motorsport,Hard,1:52.099,+0.819,+15.126,Running
40,6,6,0,Eli Huertez,Pulang Kabayo Racing,Soft,1:51.113,+2.061,+17.187,Running
40,7,8,1,Jamar Henry,Trike Motorsports,Hard,1:51.763,+0.916,+18.103,Running
40,8,7,-1,Mark Graham,Trike Motorsports,Hard,1:51.338,+0.050,+18.153,Running
40,9,9,0,Sydney Aspen,Villiuride Racing,Hard,1:52.237,+0.980,+19.134,Running
40,10,10,0,Damien Quibuyen,Mercedes AMG Motorsport,Hard,1:50.041,+0.050,+19.184,Running
40,11,11,0,Fidan Basak,Pulang Kabayo Racing,Hard,1:52.257,+9.460,+28.643,Running
40,12,12,0,Aida Haque,Icarus,Hard,1:51.400,+0.050,+28.693,Running
40,13,13,0,Al Fabet,Villiuride Racing,Hard,1:52.506,+6.861,+35.554,Running
40,14,14,0,Liesje Roser,Dacia Racing Team,Medium,1:50.935,+1.418,+36.972,Running
40,15,15,0,Marek Madeira,Dacia Racing Team,Medium,1:51.354,+8.471,+45.443,Running
40,16,16,0,Clara Longo,Icarus,Medium,1:49.746,+0.199,+45.642,Running
40,17,17,0,Kanno Sora,LFL Engineering,Medium,1:51.352,+1.521,+12.250,Mechanical failure on lap 15
40,18,18,0,Aleksa Kozlov,LFL Engineering,Medium,1:50.291,+0.200,+3.643,Crashed on lap 2
41,1,1,0,Franc Abel,Shell Motorsports,Hard,1:50.246,-,-,Running
41,2,2,0,Ye Li,Racing Life,Soft,1:51.437,+1.240,+1.240,Running
41,3,3,0,Niamh Murphy,Racing Life,Soft,1:51.505,+5.003,+6.243,Running
41,4,4,0,Berend Boer,Shell Motorsports,Hard,1:51.073,+8.892,+15.135,Running
41,5,8,3,Mark Graham,Trike Motorsports,Hard,1:50.633,+3.285,+18.419,Running
41,6,6,0,Eli Huertez,Pulang Kabayo Racing,Soft,1:51.528,+0.050,+18.469,Running
41,7,7,0,Jamar Henry,Trike Motorsports,Hard,1:50.984,+0.100,+18.570,Running
41,8,5,-3,Ananda Chohan,Mercedes AMG Motorsport,Hard,1:53.740,+0.050,+18.620,Running
41,9,10,1,Damien Quibuyen,Mercedes AMG Motorsport,Hard,1:50.707,+1.024,+19.644,Running
41,10,9,-1,Sydney Aspen,Villiuride Racing,Hard,1:52.866,+2.109,+21.753,Running
41,11,11,0,Fidan Basak,Pulang Kabayo Racing,Hard,1:50.589,+7.233,+28.986,Running
41,12,12,0,Aida Haque,Icarus,Hard,1:51.857,+1.318,+30.304,Running
41,13,13,0,Al Fabet,Villiuride Racing,Hard,1:50.269,+5.273,+35.577,Running
41,14,14,0,Liesje Roser,Dacia Racing Team,Medium,1:51.444,+2.593,+38.170,Running
41,15,16,1,Clara Longo,Icarus,Medium,1:51.364,+7.480,+45.650,Running
41,16,15,-1,Marek Madeira,Dacia Racing Team,Medium,1:50.503,+0.050,+45.700,Running
41,17,17,0,Kanno Sora,LFL Engineering,Medium,1:51.352,+1.521,+12.250,Mechanical failure on lap 15
41,18,18,0,Aleksa Kozlov,LFL Engineering,Medium,1:50.291,+0.200,+3.643,Crashed on lap 2
42,1,1,0,Franc Abel,Shell Motorsports,Hard,1:51.179,-,-,Running
42,2,2,0,Ye Li,Racing Life,Soft,1:51.571,+1.632,+1.632,Running
42,3,3,0,Niamh Murphy,Racing Life,Soft,1:50.732,+4.164,+5.796,Running
42,4,4,0,Berend Boer,Shell Motorsports,Hard,1:52.583,+10.743,+16.539,Running
42,5,6,1,Eli Huertez,Pulang Kabayo Racing,Soft,1:51.376,+2.127,+18.666,Running
42,6,5,-1,Mark Graham,Trike Motorsports,Hard,1:51.568,+0.143,+18.808,Running
42,7,7,0,Jamar Henry,Trike Motorsports,Hard,1:51.977,+0.099,+18.908,Running
42,8,9,1,Damien Quibuyen,Mercedes AMG Motorsport,Hard,1:50.493,+0.050,+18.958,Running
42,9,8,-1,Ananda Chohan,Mercedes AMG Motorsport,Hard,1:52.658,+1.141,+20.099,Running
42,10,10,0,Sydney Aspen,Villiuride Racing,Hard,1:51.802,+2.277,+22.376,Running
42,11,12,1,Aida Haque,Icarus,Hard,1:49.787,+6.536,+28.912,Running
42,12,11,-1,Fidan Basak,Pulang Kabayo Racing,Hard,1:51.809,+0.704,+29.616,Running
42,13,13,0,Al Fabet,Villiuride Racing,Hard,1:51.815,+6.597,+36.213,Running
42,14,14,0,Liesje Roser,Dacia Racing Team,Medium,1:50.854,+1.631,+37.844,Running
42,15,16,1,Marek Madeira,Dacia Racing Team,Medium,1:51.612,+8.288,+46.132,Running
42,16,15,-1,Clara Longo,Icarus,Medium,1:52.225,+0.563,+46.695,Running
42,17,17,0,Kanno Sora,LFL Engineering,Medium,1:51.352,+1.521,+12.250,Mechanical failure on lap 15
42,18,18,0,Aleksa Kozlov,LFL Engineering,Medium,1:50.291,+0.200,+3.643,Crashed on lap 2
43,1,1,0,Franc Abel,Shell Motorsports,Hard,1:52.173,-,-,Running
43,2,2,0,Ye Li,Racing Life,Soft,1:50.765,+0.224,+0.224,Running
43,3,3,0,Niamh Murphy,Racing Life,Soft,1:51.431,+4.829,+5.053,Running
43,4,4,0,Berend Boer,Shell Motorsports,Hard,1:50.072,+9.385,+14.437,Running
43,5,6,1,Mark Graham,Trike Motorsports,Hard,1:49.825,+2.023,+16.460,Running
43,6,5,-1,Eli Huertez,Pulang Kabayo Racing,Soft,1:51.215,+0.985,+17.445,Running
43,7,7,0,Jamar Henry,Trike Motorsports,Hard,1:50.761,+0.050,+17.495,Running
43,8,8,0,Damien Quibuyen,Mercedes AMG Motorsport,Hard,1:51.007,+0.296,+17.791,Running
43,9,10,1,Sydney Aspen,Villiuride Racing,Hard,1:51.834,+4.245,+22.036,Running
43,10,11,1,Aida Haque,Icarus,Hard,1:51.525,+6.227,+28.263,Running
43,11,12,1,Fidan Basak,Pulang Kabayo Racing,Hard,1:52.048,+1.227,+29.490,Running
43,12,14,2,Liesje Roser,Dacia Racing Team,Medium,1:49.889,+5.755,+35.245,Running
43,13,13,0,Al Fabet,Villiuride Racing,Hard,1:51.255,+0.050,+35.295,Running
43,14,9,-5,Ananda Chohan,Mercedes AMG Motorsport,Medium,1:51.163,+5.794,+41.088,Running
43,15,15,0,Marek Madeira,Dacia Racing Team,Medium,1:51.783,+4.654,+45.742,Running
43,16,16,0,Clara Longo,Icarus,Medium,1:51.723,+0.503,+46.245,Running
43,17,17,0,Kanno Sora,LFL Engineering,Medium,1:51.352,+1.521,+12.250,Mechanical failure on lap 15
43,18,18,0,Aleksa Kozlov,LFL Engineering,Medium,1:50.291,+0.200,+3.643,Crashed on lap 2
44,1,1,0,Franc Abel,Shell Motorsports,Hard,1:50.402,-,-,Running
44,2,7,5,Jamar Henry,Trike Motorsports,Hard,1:49.930,+15.847,+15.847,Running
44,3,4,1,Berend Boer,Shell Motorsports,Hard,1:51.861,+0.050,+15.897,Running
44,4,5,1,Mark Graham,Trike Motorsports,Hard,1:51.219,+1.077,+16.974,Running
44,5,6,1,Eli Huertez,Pulang Kabayo Racing,Soft,1:51.292,+1.361,+18.335,Running
44,6,8,2,Damien Quibuyen,Mercedes AMG Motorsport,Hard,1:51.626,+0.680,+19.016,Running
44,7,9,2,Sydney Aspen,Villiuride Racing,Hard,1:52.051,+4.670,+23.686,Running
44,8,2,-6,Ye Li,Racing Life,Medium,1:52.631,+0.767,+24.453,Running
44,9,10,1,Aida Haque,Icarus,Hard,1:51.035,+3.593,+28.046,Running
44,10,3,-7,Niamh Murphy,Racing Life,Medium,1:51.445,+0.050,+28.096,Running
44,11,11,0,Fidan Basak,Pulang Kabayo Racing,Hard,1:52.765,+3.758,+31.854,Running
44,12,13,1,Al Fabet,Villiuride Racing,Hard,1:51.062,+3.902,+35.755,Running
44,13,12,-1,Liesje Roser,Dacia Racing Team,Medium,1:50.962,+0.050,+35.805,Running
44,14,14,0,Ananda Chohan,Mercedes AMG Motorsport,Medium,1:50.273,+5.155,+40.960,Running
44,15,15,0,Marek Madeira,Dacia Racing Team,Medium,1:51.020,+5.400,+46.361,Running
44,16,16,0,Clara Longo,Icarus,Medium,1:51.068,+0.551,+46.912,Running
44,17,17,0,Kanno Sora,LFL Engineering,Medium,1:51.352,+1.521,+12.250,Mechanical failure on lap 15
44,18,18,0,Aleksa Kozlov,LFL Engineering,Medium,1:50.291,+0.200,+3.643,Crashed on lap 2
45,1,1,0,Franc Abel,Shell Motorsports,Hard,1:51.059,-,-,Running
45,2,2,0,Jamar Henry,Trike Motorsports,Hard,1:50.225,+15.013,+15.013,Running
45,3,3,0,Berend Boer,Shell Motorsports,Hard,1:51.556,+1.381,+16.394,Running
45,4,5,1,Eli Huertez,Pulang Kabayo Racing,Soft,1:50.043,+0.925,+17.319,Running
45,5,6,1,Damien Quibuyen,Mercedes AMG Motorsport,Hard,1:50.393,+0.291,+17.610,Running
45,6,4,-2,Mark Graham,Trike Motorsports,Hard,1:51.745,+0.050,+17.660,Running
45,7,7,0,Sydney Aspen,Villiuride Racing,Hard,1:49.994,+4.961,+22.621,Running
45,8,8,0,Ye Li,Racing Life,Medium,1:50.278,+1.051,+23.672,Running
45,9,10,1,Niamh Murphy,Racing Life,Medium,1:49.589,+2.954,+26.626,Running
45,10,9,-1,Aida Haque,Icarus,Hard,1:53.709,+4.070,+30.696,Running
45,11,11,0,Fidan Basak,Pulang Kabayo Racing,Hard,1:52.368,+2.466,+33.162,Running
45,12,12,0,Al Fabet,Villiuride Racing,Hard,1:51.540,+2.458,+35.620,Running
45,13,13,0,Liesje Roser,Dacia Racing Team,Medium,1:50.924,+0.050,+35.670,Running
45,14,14,0,Ananda Chohan,Mercedes AMG Motorsport,Medium,1:49.809,+4.040,+39.710,Running
45,15,16,1,Clara Longo,Icarus,Medium,1:50.591,+6.734,+46.444,Running
45,16,15,-1,Marek Madeira,Dacia Racing Team,Medium,1:52.367,+1.225,+47.669,Running
45,17,17,0,Kanno Sora,LFL Engineering,Medium,1:51.352,+1.521,+12.250,Mechanical failure on lap 15
45,18,18,0,Aleksa Kozlov,LFL Engineering,Medium,1:50.291,+0.200,+3.643,Crashed on lap 2
46,1,1,0,Franc Abel,Shell Motorsports,Hard,1:51.792,-,-,Running
46,2,2,0,Jamar Henry,Trike Motorsports,Hard,1:51.616,+14.837,+14.837,Running
46,3,3,0,Berend Boer,Shell Motorsports,Hard,1:50.754,+0.519,+15.356,Running
46,4,5,1,Damien Quibuyen,Mercedes AMG Motorsport,Hard,1:51.063,+0.388,+15.745,Running
46,5,4,-1,Eli Huertez,Pulang Kabayo Racing,Soft,1:50.268,+0.050,+15.795,Running
46,6,6,0,Mark Graham,Trike Motorsports,Hard,1:52.079,+2.152,+17.947,Running
46,7,8,1,Ye Li,Racing Life,Medium,1:50.355,+3.720,+21.667,Running
46,8,7,-1,Sydney Aspen,Villiuride Racing,Hard,1:50.888,+0.050,+21.717,Running
46,9,9,0,Niamh Murphy,Racing Life,Medium,1:50.731,+3.848,+25.565,Running
46,10,10,0,Aida Haque,Icarus,Hard,1:50.649,+3.988,+29.553,Running
46,11,11,0,Fidan Basak,Pulang Kabayo Racing,Hard,1:51.087,+2.905,+32.457,Running
46,12,12,0,Al Fabet,Villiuride Racing,Hard,1:50.674,+2.044,+34.502,Running
46,13,13,0,Liesje Roser,Dacia Racing Team,Medium,1:51.852,+1.228,+35.730,Running
46,14,14,0,Ananda Chohan,Mercedes AMG Motorsport,Medium,1:51.425,+3.612,+39.342,Running
46,15,16,1,Marek Madeira,Dacia Racing Team,Medium,1:51.173,+6.605,+45.947,Running
46,16,15,-1,Clara Longo,Icarus,Medium,1:51.345,+0.050,+45.997,Running
46,17,17,0,Kanno Sora,LFL Engineering,Medium,1:51.352,+1.521,+12.250,Mechanical failure on lap 15
46,18,18,0,Aleksa Kozlov,LFL Engineering,Medium,1:50.291,+0.200,+3.643,Crashed on lap 2
47,1,1,0,Franc Abel,Shell Motorsports,Hard,1:51.621,-,-,Running
47,2,2,0,Jamar Henry,Trike Motorsports,Hard,1:51.194,+14.410,+14.410,Running
47,3,5,2,Eli Huertez,Pulang Kabayo Racing,Soft,1:50.273,+0.037,+14.446,Running
47,4,4,0,Damien Quibuyen,Mercedes AMG Motorsport,Hard,1:50.688,+0.365,+14.812,Running
47,5,3,-2,Berend Boer,Shell Motorsports,Hard,1:51.079,+0.002,+14.814,Running
47,6,6,0,Mark Graham,Trike Motorsports,Hard,1:50.689,+2.201,+17.015,Running
47,7,8,1,Sydney Aspen,Villiuride Racing,Hard,1:51.084,+3.265,+20.280,Running
47,8,7,-1,Ye Li,Racing Life,Medium,1:50.285,+0.050,+20.330,Running
47,9,9,0,Niamh Murphy,Racing Life,Medium,1:50.015,+3.629,+23.959,Running
47,10,10,0,Aida Haque,Icarus,Hard,1:51.452,+5.425,+29.384,Running
47,11,12,1,Al Fabet,Villiuride Racing,Hard,1:50.901,+3.570,+32.954,Running
47,12,11,-1,Fidan Basak,Pulang Kabayo Racing,Hard,1:52.168,+0.050,+33.004,Running
47,13,13,0,Liesje Roser,Dacia Racing Team,Medium,1:50.430,+0.728,+33.732,Running
47,14,14,0,Ananda Chohan,Mercedes AMG Motorsport,Medium,1:50.808,+4.797,+38.529,Running
47,15,16,1,Clara Longo,Icarus,Medium,1:50.898,+6.745,+45.274,Running
47,16,15,-1,Marek Madeira,Dacia Racing Team,Medium,1:51.381,+0.433,+45.707,Running
47,17,17,0,Kanno Sora,LFL Engineering,Medium,1:51.352,+1.521,+12.250,Mechanical failure on lap 15
47,18,18,0,Aleksa Kozlov,LFL Engineering,Medium,1:50.291,+0.200,+3.643,Crashed on lap 2
48,1,1,0,Franc Abel,Shell Motorsports,Hard,1:52.272,-,-,Running
48,2,3,1,Eli Huertez,Pulang Kabayo Racing,Soft,1:49.473,+11.647,+11.647,Running
48,3,2,-1,Jamar Henry,Trike Motorsports,Hard,1:50.933,+1.424,+13.071,Running
48,4,4,0,Damien Quibuyen,Mercedes AMG Motorsport,Hard,1:50.591,+0.060,+13.131,Running
48,5,5,0,Berend Boer,Shell Motorsports,Hard,1:51.106,+0.517,+13.647,Running
48,6,6,0,Mark Graham,Trike Motorsports,Hard,1:52.411,+3.506,+17.154,Running
48,7,7,0,Sydney Aspen,Villiuride Racing,Hard,1:50.478,+1.333,+18.486,Running
48,8,8,0,Ye Li,Racing Life,Medium,1:50.981,+0.553,+19.039,Running
48,9,9,0,Niamh Murphy,Racing Life,Medium,1:51.325,+3.973,+23.012,Running
48,10,10,0,Aida Haque,Icarus,Hard,1:51.160,+5.259,+28.272,Running
48,11,12,1,Fidan Basak,Pulang Kabayo Racing,Hard,1:49.900,+2.360,+30.632,Running
48,12,11,-1,Al Fabet,Villiuride Racing,Hard,1:51.290,+0.956,+31.588,Running
48,13,13,0,Liesje Roser,Dacia Racing Team,Medium,1:50.178,+0.050,+31.638,Running
48,14,14,0,Ananda Chohan,Mercedes AMG Motorsport,Medium,1:49.713,+4.332,+35.970,Running
48,15,16,1,Marek Madeira,Dacia Racing Team,Medium,1:50.554,+8.019,+43.989,Running
48,16,15,-1,Clara Longo,Icarus,Medium,1:51.929,+0.942,+44.931,Running
48,17,17,0,Kanno Sora,LFL Engineering,Medium,1:51.352,+1.521,+12.250,Mechanical failure on lap 15
48,18,18,0,Aleksa Kozlov,LFL Engineering,Medium,1:50.291,+0.200,+3.643,Crashed on lap 2
49,1,1,0,Franc Abel,Shell Motorsports,Hard,1:50.576,-,-,Running
49,2,4,2,Damien Quibuyen,Mercedes AMG Motorsport,Hard,1:49.971,+12.526,+12.526,Running
49,3,2,-1,Eli Huertez,Pulang Kabayo Racing,Soft,1:51.528,+0.072,+12.598,Running
49,4,3,-1,Jamar Henry,Trike Motorsports,Hard,1:51.552,+1.448,+14.046,Running
49,5,5,0,Berend Boer,Shell Motorsports,Hard,1:51.158,+0.182,+14.229,Running
49,6,6,0,Mark Graham,Trike Motorsports,Hard,1:51.008,+3.357,+17.585,Running
49,7,8,1,Ye Li,Racing Life,Medium,1:50.620,+1.498,+19.083,Running
49,8,7,-1,Sydney Aspen,Villiuride Racing,Hard,1:51.799,+0.626,+19.709,Running
49,9,9,0,Niamh Murphy,Racing Life,Medium,1:51.416,+4.143,+23.852,Running
49,10,10,0,Aida Haque,Icarus,Hard,1:51.396,+5.239,+29.091,Running
49,11,13,2,Liesje Roser,Dacia Racing Team,Medium,1:50.163,+2.134,+31.224,Running
49,12,11,-1,Fidan Basak,Pulang Kabayo Racing,Hard,1:51.510,+0.342,+31.566,Running
49,13,12,-1,Al Fabet,Villiuride Racing,Hard,1:51.566,+1.012,+32.578,Running
49,14,14,0,Ananda Chohan,Mercedes AMG Motorsport,Medium,1:48.585,+1.401,+33.978,Running
49,15,15,0,Marek Madeira,Dacia Racing Team,Medium,1:52.303,+11.737,+45.715,Running
49,16,16,0,Clara Longo,Icarus,Medium,1:52.147,+0.786,+46.502,Running
49,17,17,0,Kanno Sora,LFL Engineering,Medium,1:51.352,+1.521,+12.250,Mechanical failure on lap 15
49,18,18,0,Aleksa Kozlov,LFL Engineering,Medium,1:50.291,+0.200,+3.643,Crashed on lap 2
50,1,1,0,Franc Abel,Shell Motorsports,Hard,1:51.722,-,-,Running
50,2,3,1,Eli Huertez,Pulang Kabayo Racing,Soft,1:49.692,+10.568,+10.568,Running
50,3,2,-1,Damien Quibuyen,Mercedes AMG Motorsport,Hard,1:51.049,+1.285,+11.853,Running
50,4,4,0,Jamar Henry,Trike Motorsports,Hard,1:51.039,+1.510,+13.363,Running
50,5,5,0,Berend Boer,Shell Motorsports,Hard,1:52.769,+1.912,+15.276,Running
50,6,6,0,Mark Graham,Trike Motorsports,Hard,1:52.405,+2.878,+18.153,Running
50,7,7,0,Ye Li,Racing Life,Medium,1:50.842,+0.050,+18.203,Running
50,8,8,0,Sydney Aspen,Villiuride Racing,Hard,1:50.479,+0.263,+18.467,Running
50,9,9,0,Niamh Murphy,Racing Life,Medium,1:51.424,+5.088,+23.555,Running
50,10,10,0,Aida Haque,Icarus,Hard,1:52.510,+6.325,+29.879,Running
50,11,12,1,Fidan Basak,Pulang Kabayo Racing,Hard,1:51.087,+1.052,+30.931,Running
50,12,11,-1,Liesje Roser,Dacia Racing Team,Medium,1:52.055,+0.626,+31.558,Running
50,13,13,0,Al Fabet,Villiuride Racing,Hard,1:51.037,+0.190,+31.747,Running
50,14,14,0,Ananda Chohan,Mercedes AMG Motorsport,Medium,1:49.541,+0.050,+31.797,Running
50,15,15,0,Marek Madeira,Dacia Racing Team,Medium,1:51.279,+13.475,+45.272,Running
50,16,16,0,Clara Longo,Icarus,Medium,1:51.898,+1.406,+46.678,Running
50,17,17,0,Kanno Sora,LFL Engineering,Medium,1:51.352,+1.521,+12.250,Mechanical failure on lap 15
50,18,18,0,Aleksa Kozlov,LFL Engineering,Medium,1:50.291,+0.200,+3.643,Crashed on lap 2
51,1,1,0,Franc Abel,Shell Motorsports,Hard,1:51.482,-,-,Running
51,2,2,0,Eli Huertez,Pulang Kabayo Racing,Soft,1:49.031,+8.118,+8.118,Running
51,3,3,0,Damien Quibuyen,Mercedes AMG Motorsport,Hard,1:50.893,+3.147,+11.264,Running
51,4,4,0,Jamar Henry,Trike Motorsports,Hard,1:52.390,+3.007,+14.272,Running
51,5,5,0,Berend Boer,Shell Motorsports,Hard,1:51.166,+0.688,+14.960,Running
51,6,7,1,Ye Li,Racing Life,Medium,1:49.483,+1.244,+16.204,Running
51,7,8,1,Sydney Aspen,Villiuride Racing,Hard,1:50.873,+0.996,+17.200,Running
51,8,6,-2,Mark Graham,Trike Motorsports,Hard,1:50.579,+0.050,+17.250,Running
51,9,9,0,Niamh Murphy,Racing Life,Medium,1:50.164,+4.987,+22.237,Running
51,10,12,2,Liesje Roser,Dacia Racing Team,Medium,1:50.183,+7.778,+30.015,Running
51,11,10,-1,Aida Haque,Icarus,Hard,1:51.668,+0.050,+30.065,Running
51,12,14,2,Ananda Chohan,Mercedes AMG Motorsport,Medium,1:50.855,+1.105,+31.171,Running
51,13,11,-2,Fidan Basak,Pulang Kabayo Racing,Hard,1:51.966,+0.245,+31.415,Running
51,14,13,-1,Al Fabet,Villiuride Racing,Hard,1:52.102,+0.952,+32.368,Running
51,15,15,0,Marek Madeira,Dacia Racing Team,Medium,1:51.416,+12.838,+45.206,Running
51,16,16,0,Clara Longo,Icarus,Medium,1:51.799,+1.789,+46.995,Running
51,17,17,0,Kanno Sora,LFL Engineering,Medium,1:51.352,+1.521,+12.250,Mechanical failure on lap 15
51,18,18,0,Aleksa Kozlov,LFL Engineering,Medium,1:50.291,+0.200,+3.643,Crashed on lap 2
52,1,1,0,Franc Abel,Shell Motorsports,Hard,1:52.150,-,-,Running
52,2,2,0,Eli Huertez,Pulang Kabayo Racing,Soft,1:50.454,+6.422,+6.422,Running
52,3,3,0,Damien Quibuyen,Mercedes AMG Motorsport,Hard,1:51.191,+3.884,+10.305,Running
52,4,6,2,Ye Li,Racing Life,Medium,1:49.368,+2.319,+12.624,Running
52,5,4,-1,Jamar Henry,Trike Motorsports,Hard,1:50.553,+0.050,+12.674,Running
52,6,5,-1,Berend Boer,Shell Motorsports,Hard,1:51.340,+0.698,+13.372,Running
52,7,7,0,Sydney Aspen,Villiuride Racing,Hard,1:51.156,+2.657,+16.029,Running
52,8,8,0,Mark Graham,Trike Motorsports,Hard,1:50.980,+0.050,+16.079,Running
52,9,9,0,Niamh Murphy,Racing Life,Medium,1:51.148,+5.155,+21.234,Running
52,10,10,0,Liesje Roser,Dacia Racing Team,Medium,1:50.511,+7.142,+28.376,Running
52,11,12,1,Ananda Chohan,Mercedes AMG Motorsport,Medium,1:50.282,+0.657,+29.033,Running
52,12,11,-1,Aida Haque,Icarus,Hard,1:51.168,+0.050,+29.083,Running
52,13,13,0,Fidan Basak,Pulang Kabayo Racing,Hard,1:52.095,+2.277,+31.360,Running
52,14,14,0,Al Fabet,Villiuride Racing,Hard,1:52.319,+1.176,+32.536,Running
52,15,15,0,Marek Madeira,Dacia Racing Team,Medium,1:50.019,+10.538,+43.075,Running
52,16,16,0,Clara Longo,Icarus,Medium,1:51.282,+3.052,+46.127,Running
52,17,17,0,Kanno Sora,LFL Engineering,Medium,1:51.352,+1.521,+12.250,Mechanical failure on lap 15
52,18,18,0,Aleksa Kozlov,LFL Engineering,Medium,1:50.291,+0.200,+3.643,Crashed on lap 2
53,1,1,0,Franc Abel,Shell Motorsports,Hard,1:52.669,-,-,Running
53,2,2,0,Eli Huertez,Pulang Kabayo Racing,Soft,1:49.862,+3.615,+3.615,Running
53,3,3,0,Damien Quibuyen,Mercedes AMG Motorsport,Hard,1:51.552,+5.575,+9.189,Running
53,4,4,0,Ye Li,Racing Life,Medium,1:51.485,+2.252,+11.441,Running
53,5,6,1,Berend Boer,Shell Motorsports,Hard,1:51.521,+0.687,+12.128,Running
53,6,5,-1,Jamar Henry,Trike Motorsports,Hard,1:52.172,+0.050,+12.178,Running
53,7,7,0,Sydney Aspen,Villiuride Racing,Hard,1:50.964,+2.147,+14.325,Running
53,8,8,0,Mark Graham,Trike Motorsports,Hard,1:52.258,+1.343,+15.669,Running
53,9,9,0,Niamh Murphy,Racing Life,Medium,1:50.706,+3.604,+19.272,Running
53,10,11,1,Ananda Chohan,Mercedes AMG Motorsport,Medium,1:50.672,+6.674,+25.946,Running
53,11,10,-1,Liesje Roser,Dacia Racing Team,Medium,1:50.289,+0.050,+25.996,Running
53,12,12,0,Aida Haque,Icarus,Hard,1:51.149,+1.567,+27.563,Running
53,13,13,0,Fidan Basak,Pulang Kabayo Racing,Hard,1:51.586,+2.714,+30.277,Running
53,14,14,0,Al Fabet,Villiuride Racing,Hard,1:52.058,+1.648,+31.925,Running
53,15,15,0,Marek Madeira,Dacia Racing Team,Medium,1:50.879,+9.359,+41.285,Running
53,16,16,0,Clara Longo,Icarus,Medium,1:50.366,+2.539,+43.824,Running
53,17,17,0,Kanno Sora,LFL Engineering,Medium,1:51.352,+1.521,+12.250,Mechanical failure on lap 15
53,18,18,0,Aleksa Kozlov,LFL Engineering,Medium,1:50.291,+0.200,+3.643,Crashed on lap 2
54,1,1,0,Franc Abel,Shell Motorsports,Hard,1:51.672,-,-,Running
54,2,2,0,Eli Huertez,Pulang Kabayo Racing,Soft,1:50.607,+2.549,+2.549,Running
54,3,3,0,Damien Quibuyen,Mercedes AMG Motorsport,Hard,1:51.060,+6.027,+8.577,Running
54,4,4,0,Ye Li,Racing Life,Medium,1:50.452,+1.386,+9.963,Running
54,5,6,1,Jamar Henry,Trike Motorsports,Hard,1:49.507,+0.050,+10.013,Running
54,6,5,-1,Berend Boer,Shell Motorsports,Hard,1:51.426,+1.869,+11.881,Running
54,7,7,0,Sydney Aspen,Villiuride Racing,Hard,1:51.727,+2.498,+14.379,Running
54,8,8,0,Mark Graham,Trike Motorsports,Hard,1:51.076,+0.692,+15.072,Running
54,9,9,0,Niamh Murphy,Racing Life,Medium,1:50.145,+2.673,+17.745,Running
54,10,11,1,Liesje Roser,Dacia Racing Team,Medium,1:50.237,+6.816,+24.561,Running
54,11,10,-1,Ananda Chohan,Mercedes AMG Motorsport,Medium,1:51.092,+0.805,+25.366,Running
54,12,12,0,Aida Haque,Icarus,Hard,1:50.632,+1.157,+26.523,Running
54,13,13,0,Fidan Basak,Pulang Kabayo Racing,Hard,1:52.149,+4.231,+30.754,Running
54,14,14,0,Al Fabet,Villiuride Racing,Hard,1:50.704,+0.203,+30.957,Running
54,15,15,0,Marek Madeira,Dacia Racing Team,Medium,1:51.974,+10.630,+41.587,Running
54,16,16,0,Clara Longo,Icarus,Medium,1:52.766,+3.331,+44.918,Running
54,17,17,0,Kanno Sora,LFL Engineering,Medium,1:51.352,+1.521,+12.250,Mechanical failure on lap 15
54,18,18,0,Aleksa Kozlov,LFL Engineering,Medium,1:50.291,+0.200,+3.643,Crashed on lap 2
55,1,2,1,Eli Huertez,Pulang Kabayo Racing,Soft,1:50.205,-,-,Running
55,2,5,3,Jamar Henry,Trike Motorsports,Hard,1:49.955,+7.214,+7.214,Running
55,3,3,0,Damien Quibuyen,Mercedes AMG Motorsport,Hard,1:52.314,+0.136,+7.350,Running
55,4,4,0,Ye Li,Racing Life,Medium,1:50.191,+0.050,+7.400,Running
55,5,6,1,Berend Boer,Shell Motorsports,Hard,1:50.414,+2.142,+9.542,Running
55,6,8,2,Mark Graham,Trike Motorsports,Hard,1:50.362,+3.138,+12.680,Running
55,7,7,0,Sydney Aspen,Villiuride Racing,Hard,1:51.342,+0.288,+12.968,Running
55,8,9,1,Niamh Murphy,Racing Life,Medium,1:51.225,+3.248,+16.216,Running
55,9,1,-8,Franc Abel,Shell Motorsports,Soft,1:51.950,+4.981,+21.197,Running
55,10,10,0,Liesje Roser,Dacia Racing Team,Medium,1:51.434,+2.044,+23.241,Running
55,11,11,0,Ananda Chohan,Mercedes AMG Motorsport,Medium,1:51.629,+1.000,+24.241,Running
55,12,13,1,Fidan Basak,Pulang Kabayo Racing,Hard,1:51.074,+4.575,+28.817,Running
55,13,14,1,Al Fabet,Villiuride Racing,Hard,1:50.664,+0.050,+28.867,Running
55,14,15,1,Marek Madeira,Dacia Racing Team,Medium,1:51.312,+11.278,+40.145,Running
55,15,12,-3,Aida Haque,Icarus,Soft,1:51.387,+7.011,+47.156,Running
55,16,16,0,Clara Longo,Icarus,Soft,1:52.428,+19.436,+66.592,Running
55,17,17,0,Kanno Sora,LFL Engineering,Medium,1:51.352,+1.521,+12.250,Mechanical failure on lap 15
55,18,18,0,Aleksa Kozlov,LFL Engineering,Medium,1:50.291,+0.200,+3.643,Crashed on lap 2
56,1,1,0,Eli Huertez,Pulang Kabayo Racing,Soft,1:50.987,-,-,Running
56,2,4,2,Ye Li,Racing Life,Medium,1:50.766,+6.666,+6.666,Running
56,3,3,0,Damien Quibuyen,Mercedes AMG Motorsport,Hard,1:50.353,+0.050,+6.716,Running
56,4,2,-2,Jamar Henry,Trike Motorsports,Hard,1:52.162,+1.673,+8.389,Running
56,5,5,0,Berend Boer,Shell Motorsports,Hard,1:50.524,+0.690,+9.079,Running
56,6,7,1,Sydney Aspen,Villiuride Racing,Hard,1:50.825,+3.727,+12.806,Running
56,7,6,-1,Mark Graham,Trike Motorsports,Hard,1:51.702,+0.589,+13.395,Running
56,8,8,0,Niamh Murphy,Racing Life,Medium,1:49.815,+1.649,+15.044,Running
56,9,9,0,Franc Abel,Shell Motorsports,Soft,1:49.272,+4.438,+19.481,Running
56,10,10,0,Liesje Roser,Dacia Racing Team,Medium,1:50.203,+2.975,+22.457,Running
56,11,11,0,Ananda Chohan,Mercedes AMG Motorsport,Medium,1:50.916,+1.713,+24.170,Running
56,12,12,0,Fidan Basak,Pulang Kabayo Racing,Hard,1:52.135,+5.648,+29.818,Running
56,13,13,0,Al Fabet,Villiuride Racing,Hard,1:51.988,+0.050,+29.868,Running
56,14,14,0,Marek Madeira,Dacia Racing Team,Medium,1:51.613,+10.903,+40.771,Running
56,15,15,0,Aida Haque,Icarus,Soft,1:50.633,+6.031,+46.802,Running
56,16,16,0,Clara Longo,Icarus,Soft,1:51.733,+20.537,+67.339,Running
56,17,17,0,Kanno Sora,LFL Engineering,Medium,1:51.352,+1.521,+12.250,Mechanical failure on lap 15
56,18,18,0,Aleksa Kozlov,LFL Engineering,Medium,1:50.291,+0.200,+3.643,Crashed on lap 2
57,1,1,0,Eli Huertez,Pulang Kabayo Racing,Soft,1:50.845,-,-,Running
57,2,2,0,Ye Li,Racing Life,Medium,1:49.270,+5.091,+5.091,Running
57,3,3,0,Damien Quibuyen,Mercedes AMG Motorsport,Hard,1:50.309,+1.089,+6.180,Running
57,4,4,0,Jamar Henry,Trike Motorsports,Hard,1:50.644,+2.008,+8.189,Running
57,5,5,0,Berend Boer,Shell Motorsports,Hard,1:51.902,+1.948,+10.136,Running
57,6,8,2,Niamh Murphy,Racing Life,Medium,1:50.943,+5.006,+15.143,Running
57,7,9,2,Franc Abel,Shell Motorsports,Soft,1:50.660,+4.154,+19.297,Running
57,8,10,2,Liesje Roser,Dacia Racing Team,Medium,1:51.236,+3.551,+22.848,Running
57,9,11,2,Ananda Chohan,Mercedes AMG Motorsport,Medium,1:50.729,+1.206,+24.054,Running
57,10,13,3,Al Fabet,Villiuride Racing,Hard,1:52.226,+7.195,+31.249,Running
57,11,12,1,Fidan Basak,Pulang Kabayo Racing,Hard,1:52.865,+0.589,+31.838,Running
57,12,7,-5,Mark Graham,Trike Motorsports,Soft,1:52.367,+4.496,+36.335,Running
57,13,6,-7,Sydney Aspen,Villiuride Racing,Soft,1:52.423,+0.050,+36.385,Running
57,14,14,0,Marek Madeira,Dacia Racing Team,Medium,1:50.633,+4.175,+40.559,Running
57,15,15,0,Aida Haque,Icarus,Soft,1:51.212,+6.610,+47.169,Running
57,16,16,0,Clara Longo,Icarus,Soft,1:49.887,+19.212,+66.381,Running
57,17,17,0,Kanno Sora,LFL Engineering,Medium,1:51.352,+1.521,+12.250,Mechanical failure on lap 15
57,18,18,0,Aleksa Kozlov,LFL Engineering,Medium,1:50.291,+0.200,+3.643,Crashed on lap 2
58,1,1,0,Eli Huertez,Pulang Kabayo Racing,Soft,1:51.479,-,-,Running
58,2,2,0,Ye Li,Racing Life,Medium,1:49.888,+3.500,+3.500,Running
58,3,3,0,Damien Quibuyen,Mercedes AMG Motorsport,Hard,1:50.491,+1.691,+5.191,Running
58,4,4,0,Jamar Henry,Trike Motorsports,Hard,1:50.686,+2.204,+7.395,Running
58,5,5,0,Berend Boer,Shell Motorsports,Hard,1:51.112,+2.374,+9.769,Running
58,6,6,0,Niamh Murphy,Racing Life,Medium,1:50.830,+4.724,+14.493,Running
58,7,7,0,Franc Abel,Shell Motorsports,Soft,1:48.891,+2.215,+16.708,Running
58,8,8,0,Liesje Roser,Dacia Racing Team,Medium,1:51.287,+5.947,+22.655,Running
58,9,9,0,Ananda Chohan,Mercedes AMG Motorsport,Medium,1:50.430,+0.350,+23.005,Running
58,10,10,0,Al Fabet,Villiuride Racing,Hard,1:51.351,+8.116,+31.121,Running
58,11,11,0,Fidan Basak,Pulang Kabayo Racing,Hard,1:52.097,+1.335,+32.456,Running
58,12,13,1,Sydney Aspen,Villiuride Racing,Soft,1:50.308,+2.126,+34.582,Running
58,13,12,-1,Mark Graham,Trike Motorsports,Soft,1:49.777,+0.050,+34.632,Running
58,14,14,0,Marek Madeira,Dacia Racing Team,Medium,1:51.223,+5.670,+40.303,Running
58,15,15,0,Aida Haque,Icarus,Soft,1:49.604,+4.992,+45.294,Running
58,16,16,0,Clara Longo,Icarus,Soft,1:51.922,+21.529,+66.823,Running
58,17,17,0,Kanno Sora,LFL Engineering,Medium,1:51.352,+1.521,+12.250,Mechanical failure on lap 15
58,18,18,0,Aleksa Kozlov,LFL Engineering,Medium,1:50.291,+0.200,+3.643,Crashed on lap 2
59,1,1,0,Eli Huertez,Pulang Kabayo Racing,Soft,1:51.112,-,-,Running
59,2,2,0,Ye Li,Racing Life,Medium,1:50.951,+3.340,+3.340,Running
59,3,3,0,Damien Quibuyen,Mercedes AMG Motorsport,Hard,1:50.323,+1.063,+4.402,Running
59,4,4,0,Jamar Henry,Trike Motorsports,Hard,1:50.073,+1.954,+6.356,Running
59,5,5,0,Berend Boer,Shell Motorsports,Hard,1:50.608,+2.910,+9.266,Running
59,6,6,0,Niamh Murphy,Racing Life,Medium,1:50.405,+4.521,+13.786,Running
59,7,7,0,Franc Abel,Shell Motorsports,Soft,1:50.659,+2.469,+16.255,Running
59,8,9,1,Ananda Chohan,Mercedes AMG Motorsport,Medium,1:50.320,+5.958,+22.214,Running
59,9,8,-1,Liesje Roser,Dacia Racing Team,Medium,1:52.095,+1.426,+23.639,Running
59,10,11,1,Fidan Basak,Pulang Kabayo Racing,Hard,1:50.687,+8.264,+31.904,Running
59,11,10,-1,Al Fabet,Villiuride Racing,Hard,1:51.944,+0.050,+31.954,Running
59,12,12,0,Sydney Aspen,Villiuride Racing,Soft,1:50.135,+1.652,+33.605,Running
59,13,13,0,Mark Graham,Trike Motorsports,Soft,1:50.434,+0.350,+33.955,Running
59,14,14,0,Marek Madeira,Dacia Racing Team,Medium,1:52.024,+7.260,+41.215,Running
59,15,15,0,Aida Haque,Icarus,Soft,1:50.607,+3.574,+44.790,Running
59,16,16,0,Clara Longo,Icarus,Soft,1:51.293,+22.215,+67.005,Running
59,17,17,0,Kanno Sora,LFL Engineering,Medium,1:51.352,+1.521,+12.250,Mechanical failure on lap 15
59,18,18,0,Aleksa Kozlov,LFL Engineering,Medium,1:50.291,+0.200,+3.643,Crashed on lap 2
60,1,1,0,Eli Huertez,Pulang Kabayo Racing,Soft,1:51.929,-,-,Running
60,2,2,0,Ye Li,Racing Life,Medium,1:50.854,+2.265,+2.265,Running
60,3,3,0,Damien Quibuyen,Mercedes AMG Motorsport,Hard,1:51.093,+1.301,+3.566,Running
60,4,4,0,Jamar Henry,Trike Motorsports,Hard,1:52.371,+3.232,+6.798,Running
60,5,5,0,Berend Boer,Shell Motorsports,Hard,1:50.896,+1.435,+8.233,Running
60,6,6,0,Niamh Murphy,Racing Life,Medium,1:49.969,+3.594,+11.827,Running
60,7,7,0,Franc Abel,Shell Motorsports,Soft,1:49.918,+2.418,+14.245,Running
60,8,8,0,Ananda Chohan,Mercedes AMG Motorsport,Medium,1:49.884,+5.924,+20.168,Running
60,9,9,0,Liesje Roser,Dacia Racing Team,Medium,1:51.632,+3.175,+23.343,Running
60,10,12,2,Sydney Aspen,Villiuride Racing,Soft,1:49.648,+7.982,+31.325,Running
60,11,11,0,Al Fabet,Villiuride Racing,Hard,1:52.663,+1.363,+32.688,Running
60,12,10,-2,Fidan Basak,Pulang Kabayo Racing,Hard,1:52.927,+0.038,+32.726,Running
60,13,13,0,Mark Graham,Trike Motorsports,Soft,1:50.750,+0.050,+32.776,Running
60,14,14,0,Marek Madeira,Dacia Racing Team,Medium,1:51.968,+8.479,+41.255,Running
60,15,15,0,Aida Haque,Icarus,Soft,1:50.274,+1.880,+43.136,Running
60,16,16,0,Clara Longo,Icarus,Soft,1:50.080,+22.021,+65.157,Running
60,17,17,0,Kanno Sora,LFL Engineering,Medium,1:51.352,+1.521,+12.250,Mechanical failure on lap 15
60,18,18,0,Aleksa Kozlov,LFL Engineering,Medium,1:50.291,+0.200,+3.643,Crashed on lap 2
61,1,2,1,Ye Li,Racing Life,Medium,1:49.828,-,-,Running
61,2,1,-1,Eli Huertez,Pulang Kabayo Racing,Soft,1:53.387,+1.294,+1.294,Running
61,3,3,0,Damien Quibuyen,Mercedes AMG Motorsport,Hard,1:51.445,+1.625,+2.918,Running
61,4,4,0,Jamar Henry,Trike Motorsports,Hard,1:51.920,+3.706,+6.625,Running
61,5,5,0,Berend Boer,Shell Motorsports,Hard,1:51.928,+1.442,+8.067,Running
61,6,7,1,Franc Abel,Shell Motorsports,Soft,1:49.683,+2.883,+10.950,Running
61,7,6,-1,Niamh Murphy,Racing Life,Medium,1:51.266,+0.050,+11.000,Running
61,8,8,0,Ananda Chohan,Mercedes AMG Motorsport,Medium,1:51.375,+8.450,+19.450,Running
61,9,9,0,Liesje Roser,Dacia Racing Team,Medium,1:51.694,+3.493,+22.944,Running
61,10,13,3,Mark Graham,Trike Motorsports,Soft,1:50.220,+6.877,+29.821,Running
61,11,10,-1,Sydney Aspen,Villiuride Racing,Soft,1:50.640,+0.050,+29.871,Running
61,12,11,-1,Al Fabet,Villiuride Racing,Hard,1:51.234,+0.981,+30.853,Running
61,13,12,-1,Fidan Basak,Pulang Kabayo Racing,Hard,1:52.322,+2.102,+32.955,Running
61,14,15,1,Aida Haque,Icarus,Soft,1:51.158,+8.454,+41.409,Running
61,15,14,-1,Marek Madeira,Dacia Racing Team,Medium,1:52.297,+0.050,+41.459,Running
61,16,16,0,Clara Longo,Icarus,Soft,1:51.467,+23.072,+64.531,Running
61,17,17,0,Kanno Sora,LFL Engineering,Medium,1:51.352,+1.521,+12.250,Mechanical failure on lap 15
61,18,18,0,Aleksa Kozlov,LFL Engineering,Medium,1:50.291,+0.200,+3.643,Crashed on lap 2
62,1,1,0,Ye Li,Racing Life,Medium,1:50.384,-,-,Running
62,2,3,1,Damien Quibuyen,Mercedes AMG Motorsport,Hard,1:52.355,+3.992,+3.992,Running
62,3,2,-1,Eli Huertez,Pulang Kabayo Racing,Soft,1:53.132,+0.050,+4.042,Running
62,4,4,0,Jamar Henry,Trike Motorsports,Hard,1:51.536,+3.735,+7.777,Running
62,5,5,0,Berend Boer,Shell Motorsports,Hard,1:51.401,+1.308,+9.085,Running
62,6,7,1,Niamh Murphy,Racing Life,Medium,1:50.128,+1.659,+10.744,Running
62,7,6,-1,Franc Abel,Shell Motorsports,Soft,1:51.620,+1.442,+12.186,Running
62,8,8,0,Ananda Chohan,Mercedes AMG Motorsport,Medium,1:50.086,+6.966,+19.152,Running
62,9,9,0,Liesje Roser,Dacia Racing Team,Medium,1:52.133,+5.541,+24.693,Running
62,10,11,1,Sydney Aspen,Villiuride Racing,Soft,1:49.465,+4.259,+28.953,Running
62,11,12,1,Al Fabet,Villiuride Racing,Hard,1:50.705,+1.432,+30.385,Running
62,12,10,-2,Mark Graham,Trike Motorsports,Soft,1:50.997,+0.050,+30.435,Running
62,13,13,0,Fidan Basak,Pulang Kabayo Racing,Hard,1:53.438,+5.574,+36.009,Running
62,14,14,0,Aida Haque,Icarus,Soft,1:50.320,+5.336,+41.345,Running
62,15,15,0,Marek Madeira,Dacia Racing Team,Medium,1:51.693,+1.423,+42.768,Running
62,16,16,0,Clara Longo,Icarus,Soft,1:49.763,+21.142,+63.910,Running
62,17,17,0,Kanno Sora,LFL Engineering,Medium,1:51.352,+1.521,+12.250,Mechanical failure on lap 15
62,18,18,0,Aleksa Kozlov,LFL Engineering,Medium,1:50.291,+0.200,+3.643,Crashed on lap 2
63,1,1,0,Ye Li,Racing Life,Medium,1:51.411,-,-,Running
63,2,3,1,Eli Huertez,Pulang Kabayo Racing,Soft,1:52.824,+5.031,+5.031,Running
63,3,2,-1,Damien Quibuyen,Mercedes AMG Motorsport,Hard,1:52.500,+0.050,+5.081,Running
63,4,4,0,Jamar Henry,Trike Motorsports,Hard,1:50.172,+1.457,+6.537,Running
63,5,6,1,Niamh Murphy,Racing Life,Medium,1:50.536,+3.331,+9.869,Running
63,6,5,-1,Berend Boer,Shell Motorsports,Hard,1:52.607,+0.411,+10.280,Running
63,7,7,0,Franc Abel,Shell Motorsports,Soft,1:50.595,+1.090,+11.370,Running
63,8,8,0,Ananda Chohan,Mercedes AMG Motorsport,Medium,1:52.108,+8.479,+19.848,Running
63,9,9,0,Liesje Roser,Dacia Racing Team,Medium,1:51.642,+5.075,+24.923,Running
63,10,10,0,Sydney Aspen,Villiuride Racing,Soft,1:51.100,+3.718,+28.641,Running
63,11,12,1,Mark Graham,Trike Motorsports,Soft,1:50.755,+0.401,+29.042,Running
63,12,11,-1,Al Fabet,Villiuride Racing,Hard,1:50.119,+0.050,+29.092,Running
63,13,13,0,Fidan Basak,Pulang Kabayo Racing,Hard,1:52.862,+8.368,+37.460,Running
63,14,14,0,Aida Haque,Icarus,Soft,1:50.502,+2.976,+40.436,Running
63,15,15,0,Marek Madeira,Dacia Racing Team,Medium,1:52.214,+3.134,+43.570,Running
63,16,16,0,Clara Longo,Icarus,Soft,1:49.471,+18.399,+61.970,Running
63,17,17,0,Kanno Sora,LFL Engineering,Medium,1:51.352,+1.521,+12.250,Mechanical failure on lap 15
63,18,18,0,Aleksa Kozlov,LFL Engineering,Medium,1:50.291,+0.200,+3.643,Crashed on lap 2
64,1,1,0,Ye Li,Racing Life,Medium,1:51.404,-,-,Running
64,2,3,1,Damien Quibuyen,Mercedes AMG Motorsport,Hard,1:50.652,+4.329,+4.329,Running
64,3,2,-1,Eli Huertez,Pulang Kabayo Racing,Soft,1:53.464,+1.689,+6.018,Running
64,4,4,0,Jamar Henry,Trike Motorsports,Hard,1:50.934,+0.050,+6.068,Running
64,5,5,0,Niamh Murphy,Racing Life,Medium,1:50.500,+2.897,+8.965,Running
64,6,7,1,Franc Abel,Shell Motorsports,Soft,1:51.024,+2.025,+10.990,Running
64,7,6,-1,Berend Boer,Shell Motorsports,Hard,1:52.622,+0.508,+11.498,Running
64,8,8,0,Ananda Chohan,Mercedes AMG Motorsport,Medium,1:51.839,+8.786,+20.284,Running
64,9,9,0,Liesje Roser,Dacia Racing Team,Medium,1:52.561,+5.796,+26.080,Running
64,10,12,2,Al Fabet,Villiuride Racing,Hard,1:50.411,+1.795,+27.875,Running
64,11,10,-1,Sydney Aspen,Villiuride Racing,Soft,1:50.688,+0.050,+27.925,Running
64,12,11,-1,Mark Graham,Trike Motorsports,Soft,1:51.347,+1.059,+28.984,Running
64,13,13,0,Fidan Basak,Pulang Kabayo Racing,Hard,1:52.849,+9.921,+38.905,Running
64,14,14,0,Aida Haque,Icarus,Soft,1:51.680,+1.807,+40.712,Running
64,15,15,0,Marek Madeira,Dacia Racing Team,Medium,1:52.589,+4.043,+44.755,Running
64,16,16,0,Clara Longo,Icarus,Soft,1:51.414,+17.224,+61.979,Running
64,17,17,0,Kanno Sora,LFL Engineering,Medium,1:51.352,+1.521,+12.250,Mechanical failure on lap 15
64,18,18,0,Aleksa Kozlov,LFL Engineering,Medium,1:50.291,+0.200,+3.643,Crashed on lap 2
65,1,1,0,Ye Li,Racing Life,Medium,1:51.721,-,-,Running
65,2,2,0,Damien Quibuyen,Mercedes AMG Motorsport,Hard,1:51.827,+4.434,+4.434,Running
65,3,4,1,Jamar Henry,Trike Motorsports,Hard,1:50.913,+0.826,+5.260,Running
65,4,6,2,Franc Abel,Shell Motorsports,Soft,1:49.484,+2.661,+7.921,Running
65,5,5,0,Niamh Murphy,Racing Life,Medium,1:50.728,+0.050,+7.971,Running
65,6,3,-3,Eli Huertez,Pulang Kabayo Racing,Soft,1:54.918,+1.243,+9.215,Running
65,7,7,0,Berend Boer,Shell Motorsports,Hard,1:50.653,+1.215,+10.429,Running
65,8,8,0,Ananda Chohan,Mercedes AMG Motorsport,Medium,1:51.595,+9.728,+20.157,Running
65,9,10,1,Al Fabet,Villiuride Racing,Hard,1:50.471,+5.761,+25.918,Running
65,10,9,-1,Liesje Roser,Dacia Racing Team,Medium,1:51.609,+0.050,+25.968,Running
65,11,11,0,Sydney Aspen,Villiuride Racing,Soft,1:50.852,+0.607,+26.575,Running
65,12,12,0,Mark Graham,Trike Motorsports,Soft,1:50.567,+1.255,+27.830,Running
65,13,13,0,Fidan Basak,Pulang Kabayo Racing,Hard,1:52.577,+11.083,+38.914,Running
65,14,14,0,Aida Haque,Icarus,Soft,1:49.972,+0.050,+38.964,Running
65,15,15,0,Marek Madeira,Dacia Racing Team,Medium,1:52.316,+6.387,+45.351,Running
65,16,16,0,Clara Longo,Icarus,Soft,1:49.834,+14.742,+60.092,Running
65,17,17,0,Kanno Sora,LFL Engineering,Medium,1:51.352,+1.521,+12.250,Mechanical failure on lap 15
65,18,18,0,Aleksa Kozlov,LFL Engineering,Medium,1:50.291,+0.200,+3.643,Crashed on lap 2
66,1,1,0,Ye Li,Racing Life,Medium,1:51.530,-,-,Running
66,2,2,0,Damien Quibuyen,Mercedes AMG Motorsport,Hard,1:51.187,+3.753,+3.753,Running
66,3,3,0,Jamar Henry,Trike Motorsports,Hard,1:50.073,+0.050,+3.803,Running
66,4,5,1,Niamh Murphy,Racing Life,Medium,1:50.570,+2.730,+6.533,Running
66,5,4,-1,Franc Abel,Shell Motorsports,Soft,1:50.192,+0.050,+6.583,Running
66,6,6,0,Eli Huertez,Pulang Kabayo Racing,Soft,1:54.929,+5.585,+12.168,Running
66,7,7,0,Berend Boer,Shell Motorsports,Hard,1:53.319,+0.050,+12.218,Running
66,8,8,0,Ananda Chohan,Mercedes AMG Motorsport,Medium,1:50.465,+6.875,+19.092,Running
66,9,12,3,Mark Graham,Trike Motorsports,Soft,1:49.456,+5.842,+24.935,Running
66,10,11,1,Sydney Aspen,Villiuride Racing,Soft,1:49.940,+0.050,+24.985,Running
66,11,9,-2,Al Fabet,Villiuride Racing,Hard,1:51.618,+0.721,+25.706,Running
66,12,10,-2,Liesje Roser,Dacia Racing Team,Medium,1:51.933,+0.665,+26.371,Running
66,13,14,1,Aida Haque,Icarus,Soft,1:50.674,+11.737,+38.108,Running
66,14,13,-1,Fidan Basak,Pulang Kabayo Racing,Hard,1:53.509,+2.785,+40.892,Running
66,15,15,0,Marek Madeira,Dacia Racing Team,Medium,1:53.699,+6.627,+47.520,Running
66,16,16,0,Clara Longo,Icarus,Soft,1:50.133,+11.175,+58.695,Running
66,17,17,0,Kanno Sora,LFL Engineering,Medium,1:51.352,+1.521,+12.250,Mechanical failure on lap 15
66,18,18,0,Aleksa Kozlov,LFL Engineering,Medium,1:50.291,+0.200,+3.643,Crashed on lap 2
67,1,1,0,Ye Li,Racing Life,Medium,1:50.523,-,-,Running
67,2,3,1,Jamar Henry,Trike Motorsports,Hard,1:51.092,+4.372,+4.372,Running
67,3,2,-1,Damien Quibuyen,Mercedes AMG Motorsport,Hard,1:52.811,+1.669,+6.041,Running
67,4,4,0,Niamh Murphy,Racing Life,Medium,1:50.489,+0.458,+6.499,Running
67,5,5,0,Franc Abel,Shell Motorsports,Soft,1:51.049,+0.610,+7.109,Running
67,6,7,1,Berend Boer,Shell Motorsports,Hard,1:52.916,+7.502,+14.611,Running
67,7,6,-1,Eli Huertez,Pulang Kabayo Racing,Soft,1:57.078,+4.112,+18.723,Running
67,8,8,0,Ananda Chohan,Mercedes AMG Motorsport,Medium,1:51.994,+1.841,+20.564,Running
67,9,9,0,Mark Graham,Trike Motorsports,Soft,1:50.338,+3.719,+24.283,Running
67,10,10,0,Sydney Aspen,Villiuride Racing,Soft,1:49.870,+0.050,+24.333,Running
67,11,11,0,Al Fabet,Villiuride Racing,Hard,1:52.244,+3.095,+27.428,Running
67,12,12,0,Liesje Roser,Dacia Racing Team,Medium,1:53.199,+1.619,+29.047,Running
67,13,13,0,Aida Haque,Icarus,Soft,1:49.560,+8.098,+37.145,Running
67,14,14,0,Fidan Basak,Pulang Kabayo Racing,Hard,1:52.487,+5.711,+42.856,Running
67,15,15,0,Marek Madeira,Dacia Racing Team,Medium,1:52.708,+6.848,+49.705,Running
67,16,16,0,Clara Longo,Icarus,Soft,1:50.539,+9.006,+58.711,Running
67,17,17,0,Kanno Sora,LFL Engineering,Medium,1:51.352,+1.521,+12.250,Mechanical failure on lap 15
67,18,18,0,Aleksa Kozlov,LFL Engineering,Medium,1:50.291,+0.200,+3.643,Crashed on lap 2
68,1,1,0,Ye Li,Racing Life,Medium,1:50.416,-,-,Running
68,2,2,0,Jamar Henry,Trike Motorsports,Hard,1:51.444,+5.400,+5.400,Running
68,3,3,0,Damien Quibuyen,Mercedes AMG Motorsport,Hard,1:51.669,+1.894,+7.294,Running
68,4,4,0,Niamh Murphy,Racing Life,Medium,1:52.522,+1.311,+8.605,Running
68,5,6,1,Berend Boer,Shell Motorsports,Hard,1:52.333,+7.924,+16.529,Running
68,6,8,2,Ananda Chohan,Mercedes AMG Motorsport,Medium,1:50.964,+4.583,+21.112,Running
68,7,10,3,Sydney Aspen,Villiuride Racing,Soft,1:50.389,+3.194,+24.306,Running
68,8,7,-1,Eli Huertez,Pulang Kabayo Racing,Soft,1:57.233,+0.407,+24.713,Running
68,9,9,0,Mark Graham,Trike Motorsports,Soft,1:50.896,+0.050,+24.763,Running
68,10,11,1,Al Fabet,Villiuride Racing,Hard,1:52.310,+4.559,+29.322,Running
68,11,12,1,Liesje Roser,Dacia Racing Team,Medium,1:52.316,+1.625,+30.947,Running
68,12,13,1,Aida Haque,Icarus,Soft,1:50.574,+6.356,+37.303,Running
68,13,14,1,Fidan Basak,Pulang Kabayo Racing,Hard,1:52.386,+7.524,+44.826,Running
68,14,16,2,Clara Longo,Icarus,Soft,1:51.682,+15.151,+59.978,Running
68,15,5,-10,Franc Abel,Shell Motorsports,Soft,1:51.049,+0.610,+7.109,Mechanical failure on lap 68
68,16,15,-1,Marek Madeira,Dacia Racing Team,Medium,1:52.708,+6.848,+49.705,Tyre failure on lap 68
68,17,17,0,Kanno Sora,LFL Engineering,Medium,1:51.352,+1.521,+12.250,Mechanical failure on lap 15
68,18,18,0,Aleksa Kozlov,LFL Engineering,Medium,1:50.291,+0.200,+3.643,Crashed on lap 2
69,1,1,0,Ye Li,Racing Life,Medium,1:50.995,-,-,Running
69,2,2,0,Jamar Henry,Trike Motorsports,Hard,1:52.215,+6.620,+6.620,Running
69,3,3,0,Damien Quibuyen,Mercedes AMG Motorsport,Hard,1:50.864,+0.543,+7.163,Running
69,4,4,0,Niamh Murphy,Racing Life,Medium,1:51.174,+1.622,+8.784,Running
69,5,5,0,Berend Boer,Shell Motorsports,Hard,1:52.923,+9.672,+18.456,Running
69,6,6,0,Ananda Chohan,Mercedes AMG Motorsport,Medium,1:51.605,+3.265,+21.722,Running
69,7,9,2,Mark Graham,Trike Motorsports,Soft,1:49.441,+0.782,+22.504,Running
69,8,7,-1,Sydney Aspen,Villiuride Racing,Soft,1:49.243,+0.050,+22.554,Running
69,9,10,1,Al Fabet,Villiuride Racing,Hard,1:51.078,+6.852,+29.405,Running
69,10,8,-2,Eli Huertez,Pulang Kabayo Racing,Soft,1:59.114,+3.427,+32.832,Running
69,11,11,0,Liesje Roser,Dacia Racing Team,Medium,1:54.122,+1.242,+34.074,Running
69,12,12,0,Aida Haque,Icarus,Soft,1:50.924,+3.158,+37.232,Running
69,13,13,0,Fidan Basak,Pulang Kabayo Racing,Hard,1:54.003,+10.603,+47.835,Running
69,14,14,0,Clara Longo,Icarus,Soft,1:50.121,+11.269,+59.103,Running
69,15,15,0,Franc Abel,Shell Motorsports,Soft,1:51.049,+0.610,+7.109,Mechanical failure on lap 68
69,16,16,0,Marek Madeira,Dacia Racing Team,Medium,1:52.708,+6.848,+49.705,Tyre failure on lap 68
69,17,17,0,Kanno Sora,LFL Engineering,Medium,1:51.352,+1.521,+12.250,Mechanical failure on lap 15
69,18,18,0,Aleksa Kozlov,LFL Engineering,Medium,1:50.291,+0.200,+3.643,Crashed on lap 2
70,1,1,0,Ye Li,Racing Life,Medium,1:52.373,-,-,Running
70,2,2,0,Jamar Henry,Trike Motorsports,Hard,1:51.812,+6.059,+6.059,Running
70,3,4,1,Niamh Murphy,Racing Life,Medium,1:50.987,+1.339,+7.398,Running
70,4,3,-1,Damien Quibuyen,Mercedes AMG Motorsport,Hard,1:52.861,+0.253,+7.651,Running
70,5,5,0,Berend Boer,Shell Motorsports,Hard,1:52.897,+11.330,+18.980,Running
70,6,7,1,Mark Graham,Trike Motorsports,Soft,1:50.133,+1.050,+20.030,Running
70,7,8,1,Sydney Aspen,Villiuride Racing,Soft,1:49.900,+0.050,+20.080,Running
70,8,6,-2,Ananda Chohan,Mercedes AMG Motorsport,Medium,1:51.122,+0.391,+20.471,Running
70,9,9,0,Al Fabet,Villiuride Racing,Hard,1:51.470,+8.032,+28.503,Running
70,10,11,1,Liesje Roser,Dacia Racing Team,Medium,1:55.533,+7.797,+36.300,Running
70,11,12,1,Aida Haque,Icarus,Soft,1:51.492,+0.050,+36.350,Running
70,12,10,-2,Eli Huertez,Pulang Kabayo Racing,Soft,1:59.135,+3.244,+39.594,Running
70,13,13,0,Fidan Basak,Pulang Kabayo Racing,Hard,1:54.550,+10.418,+50.012,Running
70,14,14,0,Clara Longo,Icarus,Soft,1:50.179,+6.898,+56.909,Running
70,15,15,0,Franc Abel,Shell Motorsports,Soft,1:51.049,+0.610,+7.109,Mechanical failure on lap 68
70,16,16,0,Marek Madeira,Dacia Racing Team,Medium,1:52.708,+6.848,+49.705,Tyre failure on lap 68
70,17,17,0,Kanno Sora,LFL Engineering,Medium,1:51.352,+1.521,+12.250,Mechanical failure on lap 15
70,18,18,0,Aleksa Kozlov,LFL Engineering,Medium,1:50.291,+0.200,+3.643,Crashed on lap 2
71,1,1,0,Ye Li,Racing Life,Medium,1:52.121,-,-,Running
71,2,2,0,Jamar Henry,Trike Motorsports,Hard,1:51.416,+5.354,+5.354,Running
71,3,3,0,Niamh Murphy,Racing Life,Medium,1:51.006,+0.929,+6.283,Running
71,4,5,1,Berend Boer,Shell Motorsports,Hard,1:51.466,+11.646,+17.929,Running
71,5,7,2,Sydney Aspen,Villiuride Racing,Soft,1:49.970,+0.001,+17.930,Running
71,6,6,0,Mark Graham,Trike Motorsports,Soft,1:50.069,+0.049,+17.979,Running
71,7,8,1,Ananda Chohan,Mercedes AMG Motorsport,Medium,1:51.715,+2.086,+20.065,Running
71,8,9,1,Al Fabet,Villiuride Racing,Hard,1:51.185,+7.503,+27.568,Running
71,9,11,2,Aida Haque,Icarus,Soft,1:51.278,+7.940,+35.507,Running
71,10,10,0,Liesje Roser,Dacia Racing Team,Medium,1:52.844,+1.517,+37.024,Running
71,11,12,1,Eli Huertez,Pulang Kabayo Racing,Soft,2:00.616,+11.066,+48.090,Running
71,12,13,1,Fidan Basak,Pulang Kabayo Racing,Hard,1:54.424,+4.226,+52.315,Running
71,13,14,1,Clara Longo,Icarus,Soft,1:51.391,+3.865,+56.180,Running
71,14,4,-10,Damien Quibuyen,Mercedes AMG Motorsport,Hard,1:52.861,+0.253,+7.651,Mechanical failure on lap 71
71,15,15,0,Franc Abel,Shell Motorsports,Soft,1:51.049,+0.610,+7.109,Mechanical failure on lap 68
71,16,16,0,Marek Madeira,Dacia Racing Team,Medium,1:52.708,+6.848,+49.705,Tyre failure on lap 68
71,17,17,0,Kanno Sora,LFL Engineering,Medium,1:51.352,+1.521,+12.250,Mechanical failure on lap 15
71,18,18,0,Aleksa Kozlov,LFL Engineering,Medium,1:50.291,+0.200,+3.643,Crashed on lap 2
72,1,1,0,Ye Li,Racing Life,Medium,1:52.467,-,-,Running
72,2,2,0,Jamar Henry,Trike Motorsports,Hard,1:51.110,+3.996,+3.996,Running
72,3,3,0,Niamh Murphy,Racing Life,Medium,1:53.066,+2.886,+6.882,Running
72,4,6,2,Mark Graham,Trike Motorsports,Soft,1:49.321,+7.951,+14.833,Running
72,5,4,-1,Berend Boer,Shell Motorsports,Hard,1:52.210,+2.203,+17.036,Running
72,6,5,-1,Sydney Aspen,Villiuride Racing,Soft,1:51.623,+0.050,+17.086,Running
72,7,7,0,Ananda Chohan,Mercedes AMG Motorsport,Medium,1:53.135,+3.647,+20.733,Running
72,8,8,0,Al Fabet,Villiuride Racing,Hard,1:53.160,+7.527,+28.260,Running
72,9,9,0,Aida Haque,Icarus,Soft,1:51.962,+6.741,+35.002,Running
72,10,12,2,Fidan Basak,Pulang Kabayo Racing,Hard,1:53.419,+18.266,+53.267,Running
72,11,11,0,Eli Huertez,Pulang Kabayo Racing,Soft,2:01.298,+2.680,+55.948,Running
72,12,13,1,Clara Longo,Icarus,Soft,1:52.285,+0.050,+55.998,Running
72,13,10,-3,Liesje Roser,Dacia Racing Team,Medium,1:52.844,+1.517,+37.024,Tyre failure on lap 72
72,14,14,0,Damien Quibuyen,Mercedes AMG Motorsport,Hard,1:52.861,+0.253,+7.651,Mechanical failure on lap 71
72,15,15,0,Franc Abel,Shell Motorsports,Soft,1:51.049,+0.610,+7.109,Mechanical failure on lap 68
72,16,16,0,Marek Madeira,Dacia Racing Team,Medium,1:52.708,+6.848,+49.705,Tyre failure on lap 68
72,17,17,0,Kanno Sora,LFL Engineering,Medium,1:51.352,+1.521,+12.250,Mechanical failure on lap 15
72,18,18,0,Aleksa Kozlov,LFL Engineering,Medium,1:50.291,+0.200,+3.643,Crashed on lap 2
